filename,extension,size,created,modified,sensitive,read_only
3-Months-Chase-Bank-Statement.jpg,jpg,38702,2025-03-06 02:22:55,2025-01-26 16:11:22,1,0
aadhar (2).pdf,pdf,10705702,2025-03-06 02:21:30,2025-03-05 11:43:53,1,0
Aadhar.pdf,pdf,4044079,2025-03-06 02:21:30,2024-03-18 17:29:35,1,0
aadharcard.pdf,pdf,160347,2025-03-06 02:21:09,2025-03-06 01:38:58,1,0
EAadhaar_2821290791431920231220123012_13032024104436.pdf,pdf,985509,2025-03-06 02:21:30,2024-03-13 10:46:18,1,0
MTeck_s_Resume.pdf,pdf,68795,2025-03-06 02:23:01,2025-01-30 14:38:18,1,0
my pancard.pdf,pdf,122668,2025-03-06 02:21:09,2025-03-06 01:39:42,1,0
prj electioncard.pdf,pdf,117273,2025-03-06 02:21:09,2025-03-06 01:39:35,1,0
SampleContract-Shuttle.pdf,pdf,49647,2025-03-06 02:23:01,2025-01-30 10:43:35,1,0
scanned_aadharcard.pdf,pdf,82648,2025-03-06 02:21:09,2025-03-06 01:39:29,1,0
12210488_answerPaper.docx,docx,18571,2025-03-06 02:22:57,2025-02-22 12:52:59,0,0
12210488_answerPaper.pdf,pdf,44380,2025-03-06 02:22:57,2025-02-22 12:54:07,0,0
1A.pdf,pdf,62715,2025-03-06 02:22:56,2025-02-22 19:50:58,0,0
1ABstudentAns.docx,docx,16989,2025-03-06 02:22:56,2025-02-23 00:11:40,0,0
1ABstudentAns.pdf,pdf,585057,2025-03-06 02:22:56,2025-02-23 00:12:20,0,0
1AstudentAns.docx,docx,14385,2025-03-06 02:22:56,2025-02-23 00:08:26,0,0
1AstudentAns.pdf,pdf,41394,2025-03-06 02:22:56,2025-02-23 00:09:12,0,0
1B.pdf,pdf,57412,2025-03-06 02:22:56,2025-02-22 20:24:24,0,0
678e35c9bd158_HackSphere_Template (3).ppt,ppt,2530816,2025-03-06 02:22:55,2025-01-26 15:52:17,0,0
answerSheetImg1.jpg,jpg,22101,2025-03-06 02:22:57,2025-02-22 13:53:29,0,0
AnswerSheet_templet.docx,docx,22485,2025-03-06 02:22:57,2025-02-22 12:48:03,0,0
AnswerSheet_templet.pdf,pdf,59818,2025-03-06 02:22:57,2025-02-22 12:56:31,0,0
answerSS1.docx,docx,14933,2025-03-06 02:22:56,2025-02-23 02:20:04,0,0
answerSS1.pdf,pdf,85180,2025-03-06 02:22:56,2025-02-23 02:17:28,0,0
Banking Regulation ACT 1949.pdf,pdf,920008,2025-03-06 02:21:52,2025-03-01 20:06:58,0,0
BNS.pdf,pdf,871650,2025-03-06 02:22:55,2025-01-29 13:34:21,0,0
BNSS.pdf,pdf,1152442,2025-03-06 02:22:55,2025-01-29 13:34:38,0,0
BSA.pdf,pdf,501655,2025-03-06 02:22:55,2025-01-29 13:34:30,0,0
chatbot.py,py,1051,2025-03-06 02:23:01,2025-02-13 22:21:26,0,0
cleaned_data.csv,csv,91999,2025-03-06 02:23:01,2025-02-07 12:40:06,0,0
cyberlaw1.pdf,pdf,777408,2025-03-06 02:23:01,2025-02-14 00:25:43,0,0
Final Report.pdf,pdf,4876449,2025-03-06 02:23:01,2025-02-12 14:39:54,0,0
Ganache-2.7.1-win-x64.appx,appx,453711617,2025-03-06 02:22:57,2025-02-20 16:06:14,0,0
Group 70 (1).png,png,272552,2025-03-06 02:22:55,2025-01-28 11:01:13,0,0
Group 70.png,png,272605,2025-03-06 02:22:55,2025-01-28 10:46:03,0,0
Group 71.png,png,296888,2025-03-06 02:22:55,2025-01-28 10:46:16,0,0
hackmatrix payment ss.jpg,jpg,24327,2025-03-06 02:22:56,2025-02-26 13:15:21,0,0
healthGuard360-compressed.pdf,pdf,1966474,2025-03-06 02:22:55,2025-01-22 23:25:52,0,0
Herbionix (1).pdf,pdf,5879878,2025-03-06 02:22:56,2025-02-26 01:05:01,0,0
Herbionix (1).pptx,pptx,24809662,2025-03-06 02:22:56,2025-02-26 01:05:44,0,0
Herbionix-Blending-Tradition-with-Innovation.pdf,pdf,6579132,2025-03-06 02:22:56,2025-02-26 00:27:30,0,0
Herbionix.pdf,pdf,5900472,2025-03-06 02:22:56,2025-02-26 00:33:51,0,0
Herbionix.pptx,pptx,24814283,2025-03-06 02:22:56,2025-02-26 00:34:34,0,0
Information brochure HackSphere.pdf,pdf,1755639,2025-03-06 02:22:55,2025-01-26 15:52:14,0,0
JSPM Hackathon PPT content.docx,docx,17988,2025-03-06 02:22:55,2025-01-26 23:21:26,0,0
Legal Ally.docx,docx,17628,2025-03-06 02:23:01,2025-02-06 01:51:58,0,0
legal notice sample.pdf,pdf,304308,2025-03-06 02:22:55,2025-01-29 23:25:12,0,0
manishAud.opus,opus,11184,2025-03-06 02:22:56,2025-02-24 23:57:04,0,0
osCompleteAnswerSheet.pdf,pdf,129193,2025-03-06 02:22:56,2025-02-23 02:57:34,0,0
photo-collage.png,png,420041,2025-03-06 02:22:56,2025-03-02 12:42:09,0,0
Pranav_Ratnalikar_55_CSE(AI)_Assignment_1_SoW.docx,docx,34593,2025-03-06 02:23:01,2025-02-17 12:47:07,0,0
Pranav_Ratnalikar_VIT (1).pdf,pdf,95179,2025-03-06 02:23:01,2025-01-30 14:48:04,0,0
predicted.xlsx,xlsx,7000,2025-03-06 02:23:01,2025-02-07 13:00:22,0,0
Project Report Attendance System vierp.docx,docx,5070795,2025-03-06 02:23:01,2025-02-10 21:27:02,0,0
Q1 answer 12210488.pdf,pdf,111128,2025-03-06 02:22:56,2025-02-22 19:49:39,0,0
Q2 answer 12210488.docx,docx,14385,2025-03-06 02:22:57,2025-02-22 19:48:43,0,0
Q2.docx,docx,14505,2025-03-06 02:22:56,2025-02-22 20:22:48,0,0
RBI ACT 1934 as modified upto 2009.pdf,pdf,467045,2025-03-06 02:21:52,2025-03-01 20:06:04,0,0
RBI ACT 1934.pdf,pdf,850146,2025-03-06 02:22:56,2025-03-01 20:03:17,0,0
RBI Circular Consolidation Jan-Jun'23.docx,docx,69618,2025-03-06 02:22:56,2025-03-01 20:39:36,0,0
"RBI GENERAL REGULATIONS, 1949 updated Dec 2009.pdf",pdf,84674,2025-03-06 02:21:52,2025-03-01 20:08:27,0,0
RBI-guide-lines-on-fraud.pdf,pdf,85838,2025-03-06 02:21:52,2025-03-01 20:00:37,0,0
README.md,md,2147,2025-03-06 02:23:01,2025-02-11 15:53:08,0,0
Sample-Policy-Document_LIC-s-New-Jeevan-Shanti_UIN-512N338V01-(1).pdf,pdf,454622,2025-03-06 02:23:01,2025-01-30 10:33:52,0,0
sampleSheet1.docx,docx,11029,2025-03-06 02:22:56,2025-02-23 02:03:21,0,0
Screenshot (213).png,png,877391,2025-03-06 02:23:01,2025-02-10 21:25:29,0,0
Screenshot (46).png,png,223734,2025-03-06 02:22:56,2025-03-02 12:32:46,0,0
Screenshot (47).png,png,212086,2025-03-06 02:22:56,2025-03-02 12:32:15,0,0
Screenshot (48).png,png,229961,2025-03-06 02:22:56,2025-03-02 12:32:18,0,0
Screenshot (49).png,png,150457,2025-03-06 02:22:56,2025-03-02 12:32:27,0,0
Screenshot (50).png,png,231176,2025-03-06 02:22:56,2025-03-02 12:32:32,0,0
Screenshot (51).png,png,202148,2025-03-06 02:22:56,2025-03-02 12:32:36,0,0
Screenshot (52).png,png,231306,2025-03-06 02:22:56,2025-03-02 12:32:43,0,0
SEM 5 Recognition model working.docx,docx,20730,2025-03-06 02:22:55,2025-01-14 02:59:52,0,0
StuAScomplete.pdf,pdf,107004,2025-03-06 02:22:56,2025-02-23 09:44:48,0,0
studentAS1a2b.pdf,pdf,85106,2025-03-06 02:22:56,2025-02-23 02:20:43,0,0
Template Q1.docx,docx,15065,2025-03-06 02:22:57,2025-02-22 19:47:48,0,0
tesseract-ocr-w64-setup-5.5.0.20241111.exe,exe,21381872,2025-03-06 02:22:56,2025-02-22 21:06:44,0,0
"THE FOREIGN EXCHANGE MANAGEMENT ACT, 1999.pdf",pdf,629861,2025-03-06 02:21:52,2025-03-01 20:41:05,0,0
Unconfirmed 199753.crdownload,crdownload,22282240,2025-03-06 02:22:56,2025-02-22 21:07:39,0,0
confidential_document_2025.pdf,pdf,3754454,2025-03-06 02:21:34,2025-03-30 02:21:34,1,0
memo_december.pdf,pdf,1000,2025-03-06 02:22:24,2025-04-01 02:22:24,0,0
notes_september.pdf,pdf,55344012,2025-03-06 02:21:55,2025-03-30 02:21:55,0,0
scan_voter.pdf,pdf,2707167,2025-03-06 02:22:04,2025-03-29 02:22:04,1,0
notes_june.pdf,pdf,105849708,2025-03-06 02:23:01,2025-03-13 02:23:01,0,1
documents_november.pdf,pdf,184067636,2025-03-06 02:22:54,2025-03-09 02:22:54,0,0
notes_draft_11.pdf,pdf,65905134,2025-03-06 02:22:42,2025-03-22 02:22:42,0,0
resume_card_jenkins.pdf,pdf,1000,2025-03-06 02:22:16,2025-03-23 02:22:16,1,0
second.tiff,pdf,80070175,2025-03-06 02:22:16,2025-04-05 02:22:16,0,0
pan_document_2025.pdf,pdf,1979241,2025-03-06 02:21:50,2025-03-30 02:21:50,1,0
memo_march.pdf,pdf,4498198,2025-03-06 02:21:57,2025-03-10 02:21:57,0,1
report_draft_72.pdf,pdf,32590402,2025-03-06 02:22:06,2025-03-09 02:22:06,0,1
passport_document_2025.pdf,pdf,1000,2025-03-06 02:22:45,2025-04-04 02:22:45,1,0
memo_draft_18.pdf,pdf,1000,2025-03-06 02:22:02,2025-03-11 02:22:02,0,0
documents_draft_56.pdf,pdf,25417468,2025-03-06 02:22:05,2025-03-07 02:22:05,0,0
customer.avi,pdf,33801725,2025-03-06 02:22:17,2025-03-17 02:22:17,0,0
anyone.avi,pdf,32675398,2025-03-06 02:21:53,2025-03-12 02:21:53,0,0
stop.mp3,pdf,1000,2025-03-06 02:22:52,2025-03-25 02:22:52,0,0
resume_9049.pdf,pdf,1000,2025-03-06 02:22:44,2025-04-05 02:22:44,1,0
passport_1532.pdf,pdf,3881826,2025-03-06 02:22:35,2025-04-02 02:22:35,1,0
report_july.pdf,pdf,109503863,2025-03-06 02:22:57,2025-03-11 02:22:57,0,1
aadhaar_card_boyd.pdf,pdf,4283437,2025-03-06 02:22:21,2025-03-24 02:22:21,1,1
probably.pdf,pdf,1000,2025-03-06 02:22:35,2025-03-18 02:22:35,0,1
pan_card_chambers.pdf,pdf,5510383,2025-03-06 02:22:31,2025-03-11 02:22:31,1,0
court.jpeg,pdf,67325634,2025-03-06 02:22:04,2025-03-18 02:22:04,0,1
notes_january.pdf,pdf,1000,2025-03-06 02:22:44,2025-04-03 02:22:44,0,1
agreement.jpeg,pdf,43761809,2025-03-06 02:21:53,2025-04-01 02:21:53,0,0
voter_document_2025.pdf,pdf,1000,2025-03-06 02:21:54,2025-03-17 02:21:54,1,1
amount.mov,pdf,1000,2025-03-06 02:22:34,2025-04-03 02:22:34,0,0
memo_august.pdf,pdf,11317354,2025-03-06 02:22:11,2025-03-06 02:22:11,0,0
memo_draft_1.pdf,pdf,101366551,2025-03-06 02:22:44,2025-03-08 02:22:44,0,0
documents_april.pdf,pdf,1000,2025-03-06 02:22:05,2025-03-22 02:22:05,0,1
passport_document_2025.pdf,pdf,776945,2025-03-06 02:22:46,2025-03-20 02:22:46,1,0
documents_draft_79.pdf,pdf,1000,2025-03-06 02:22:36,2025-03-15 02:22:36,0,0
notes_draft_1.pdf,pdf,15804732,2025-03-06 02:21:54,2025-03-13 02:21:54,0,1
strategy.wav,pdf,623134,2025-03-06 02:22:55,2025-03-12 02:22:55,0,0
aadhaar_card_soto.pdf,pdf,1000,2025-03-06 02:22:56,2025-03-21 02:22:56,1,0
aadhaar_9417.pdf,pdf,2664175,2025-03-06 02:21:33,2025-03-13 02:21:33,1,0
report_draft_11.pdf,pdf,1000,2025-03-06 02:22:20,2025-04-05 02:22:20,0,0
report_january.pdf,pdf,1000,2025-03-06 02:22:18,2025-03-10 02:22:18,0,1
report_february.pdf,pdf,1000,2025-03-06 02:22:15,2025-03-21 02:22:15,0,0
scan_resume.pdf,pdf,365343,2025-03-06 02:23:00,2025-03-19 02:23:00,1,0
voter_document_2025.pdf,pdf,1081310,2025-03-06 02:22:37,2025-03-20 02:22:37,1,1
go.flac,pdf,1000,2025-03-06 02:21:58,2025-03-07 02:21:58,0,0
in.flac,pdf,88074472,2025-03-06 02:22:43,2025-03-23 02:22:43,0,0
three.html,pdf,63205689,2025-03-06 02:22:56,2025-03-30 02:22:56,0,0
report_draft_86.pdf,pdf,8368015,2025-03-06 02:22:54,2025-03-20 02:22:54,0,0
notes_draft_51.pdf,pdf,1000,2025-03-06 02:22:39,2025-03-10 02:22:39,0,1
pan_card_williams.pdf,pdf,1000,2025-03-06 02:21:13,2025-03-23 02:21:13,1,1
resume_document_2025.pdf,pdf,489974,2025-03-06 02:22:20,2025-03-11 02:22:20,1,0
report_july.pdf,pdf,1000,2025-03-06 02:22:00,2025-03-16 02:22:00,0,0
documents_november.pdf,pdf,1000,2025-03-06 02:22:57,2025-03-25 02:22:57,0,0
documents_august.pdf,pdf,7126791,2025-03-06 02:22:51,2025-03-26 02:22:51,0,0
notes_draft_86.pdf,pdf,1000,2025-03-06 02:22:31,2025-03-29 02:22:31,0,0
pan_document_2025.pdf,pdf,1000,2025-03-06 02:21:28,2025-04-03 02:21:28,1,0
white.numbers,pdf,48504196,2025-03-06 02:22:37,2025-03-22 02:22:37,0,1
memo_draft_74.pdf,pdf,2435972,2025-03-06 02:22:28,2025-03-25 02:22:28,0,1
report_draft_90.pdf,pdf,59930266,2025-03-06 02:22:14,2025-03-23 02:22:14,0,1
notes_draft_65.pdf,pdf,42655639,2025-03-06 02:22:33,2025-03-28 02:22:33,0,1
memo_april.pdf,pdf,1000,2025-03-06 02:22:10,2025-04-02 02:22:10,0,0
notes_march.pdf,pdf,63038215,2025-03-06 02:22:40,2025-04-01 02:22:40,0,0
improve.mp3,pdf,1000,2025-03-06 02:22:51,2025-03-10 02:22:51,0,0
passport_document_2025.pdf,pdf,4080520,2025-03-06 02:21:22,2025-03-26 02:21:22,1,0
confidential_card_campbell.pdf,pdf,1000,2025-03-06 02:22:19,2025-03-27 02:22:19,1,1
scan_pan.pdf,pdf,1000,2025-03-06 02:21:34,2025-03-06 02:21:34,1,0
resume_card_shaffer.pdf,pdf,1093867,2025-03-06 02:22:47,2025-04-01 02:22:47,1,1
scan_pan.pdf,pdf,2983677,2025-03-06 02:21:36,2025-03-19 02:21:36,1,0
notes_draft_73.pdf,pdf,1000,2025-03-06 02:21:54,2025-04-05 02:21:54,0,0
memo_draft_88.pdf,pdf,1000,2025-03-06 02:22:22,2025-03-22 02:22:22,0,1
report_february.pdf,pdf,1000,2025-03-06 02:22:06,2025-04-04 02:22:06,0,0
scan_confidential.pdf,pdf,3656236,2025-03-06 02:21:39,2025-03-17 02:21:39,1,0
pan_2707.pdf,pdf,1000,2025-03-06 02:22:50,2025-04-03 02:22:50,1,1
documents_august.pdf,pdf,1000,2025-03-06 02:22:58,2025-03-19 02:22:58,0,0
documents_draft_48.pdf,pdf,75475428,2025-03-06 02:22:48,2025-04-01 02:22:48,0,0
report_draft_37.pdf,pdf,1000,2025-03-06 02:22:43,2025-03-25 02:22:43,0,0
everybody.wav,pdf,22448929,2025-03-06 02:22:02,2025-03-11 02:22:02,0,0
documents_draft_49.pdf,pdf,31434349,2025-03-06 02:22:22,2025-03-24 02:22:22,0,0
resume_card_porter.pdf,pdf,1000,2025-03-06 02:21:45,2025-03-18 02:21:45,1,0
notes_october.pdf,pdf,18951652,2025-03-06 02:22:58,2025-03-14 02:22:58,0,0
confidential_card_archer.pdf,pdf,1000,2025-03-06 02:21:56,2025-03-12 02:21:56,1,0
report_draft_85.pdf,pdf,50765475,2025-03-06 02:22:39,2025-03-31 02:22:39,0,0
confidential_document_2025.pdf,pdf,1895589,2025-03-06 02:21:59,2025-03-14 02:21:59,1,0
confidential_document_2025.pdf,pdf,1815022,2025-03-06 02:22:04,2025-03-09 02:22:04,1,0
confidential_card_murray.pdf,pdf,1000,2025-03-06 02:22:51,2025-03-15 02:22:51,1,0
memo_draft_20.pdf,pdf,22808234,2025-03-06 02:22:32,2025-03-19 02:22:32,0,1
report_may.pdf,pdf,1000,2025-03-06 02:22:09,2025-03-12 02:22:09,0,1
resume_document_2025.pdf,pdf,1000,2025-03-06 02:21:10,2025-03-23 02:21:10,1,1
resume_document_2025.pdf,pdf,740217,2025-03-06 02:21:33,2025-03-14 02:21:33,1,1
employee.mp3,pdf,1000,2025-03-06 02:22:56,2025-04-05 02:22:56,0,1
report_january.pdf,pdf,1000,2025-03-06 02:22:31,2025-03-24 02:22:31,0,1
voter_document_2025.pdf,pdf,2217548,2025-03-06 02:23:01,2025-03-16 02:23:01,1,0
national.js,pdf,11956002,2025-03-06 02:22:10,2025-03-14 02:22:10,0,0
age.txt,pdf,1000,2025-03-06 02:22:02,2025-03-13 02:22:02,0,0
may.pptx,pdf,48998971,2025-03-06 02:22:53,2025-03-31 02:22:53,0,0
scan_passport.pdf,pdf,1000,2025-03-06 02:21:16,2025-03-23 02:21:16,1,0
notes_draft_17.pdf,pdf,1000,2025-03-06 02:22:21,2025-03-29 02:22:21,0,1
documents_december.pdf,pdf,1000,2025-03-06 02:22:21,2025-03-13 02:22:21,0,1
documents_july.pdf,pdf,1000,2025-03-06 02:21:55,2025-04-02 02:21:55,0,0
passport_card_smith.pdf,pdf,2860719,2025-03-06 02:22:59,2025-03-30 02:22:59,1,0
documents_draft_64.pdf,pdf,22422833,2025-03-06 02:22:25,2025-04-05 02:22:25,0,1
beat.mov,pdf,11884297,2025-03-06 02:22:56,2025-03-29 02:22:56,0,0
documents_draft_37.pdf,pdf,13606832,2025-03-06 02:22:09,2025-03-24 02:22:09,0,0
pan_document_2025.pdf,pdf,795270,2025-03-06 02:22:14,2025-03-08 02:22:14,1,0
report_march.pdf,pdf,4792893,2025-03-06 02:22:42,2025-03-15 02:22:42,0,0
scan_resume.pdf,pdf,4805814,2025-03-06 02:21:21,2025-03-12 02:21:21,1,1
memo_june.pdf,pdf,1000,2025-03-06 02:21:55,2025-03-07 02:21:55,0,0
confidential_card_rosales.pdf,pdf,3397255,2025-03-06 02:21:27,2025-03-20 02:21:27,1,0
aadhaar_9603.pdf,pdf,7521208,2025-03-06 02:21:29,2025-03-27 02:21:29,1,0
technology.xls,pdf,13497507,2025-03-06 02:22:54,2025-03-28 02:22:54,0,1
aadhaar_document_2025.pdf,pdf,2087418,2025-03-06 02:22:31,2025-03-25 02:22:31,1,0
voter_card_clarke.pdf,pdf,1000,2025-03-06 02:21:47,2025-03-13 02:21:47,1,1
memo_draft_66.pdf,pdf,14894994,2025-03-06 02:22:49,2025-03-22 02:22:49,0,0
receive.flac,pdf,1000,2025-03-06 02:22:26,2025-03-19 02:22:26,0,1
aadhaar_card_hall.pdf,pdf,1000,2025-03-06 02:22:40,2025-03-06 02:22:40,1,0
report_draft_33.pdf,pdf,67789133,2025-03-06 02:22:52,2025-03-11 02:22:52,0,1
memo_august.pdf,pdf,9648209,2025-03-06 02:21:53,2025-03-07 02:21:53,0,0
statement.png,pdf,1000,2025-03-06 02:21:53,2025-03-06 02:21:53,0,0
passport_6816.pdf,pdf,1761039,2025-03-06 02:22:32,2025-04-02 02:22:32,1,1
pan_document_2025.pdf,pdf,2056893,2025-03-06 02:22:57,2025-03-14 02:22:57,1,0
report_draft_1.pdf,pdf,58198390,2025-03-06 02:22:12,2025-03-27 02:22:12,0,0
passport_document_2025.pdf,pdf,1116066,2025-03-06 02:21:23,2025-03-12 02:21:23,1,0
report_draft_92.pdf,pdf,22702136,2025-03-06 02:22:36,2025-03-21 02:22:36,0,0
house.xls,pdf,99812537,2025-03-06 02:22:02,2025-03-28 02:22:02,0,0
voter_5622.pdf,pdf,4843503,2025-03-06 02:21:22,2025-03-26 02:21:22,1,1
pan_4942.pdf,pdf,1801319,2025-03-06 02:21:09,2025-03-19 02:21:09,1,0
brother.flac,pdf,1000,2025-03-06 02:22:28,2025-03-20 02:22:28,0,0
documents_december.pdf,pdf,88015328,2025-03-06 02:22:18,2025-04-02 02:22:18,0,1
notes_draft_25.pdf,pdf,35214318,2025-03-06 02:22:45,2025-04-03 02:22:45,0,1
they.doc,pdf,1000,2025-03-06 02:22:31,2025-03-27 02:22:31,0,0
in.docx,pdf,1000,2025-03-06 02:21:53,2025-03-13 02:21:53,0,0
notes_october.pdf,pdf,12276409,2025-03-06 02:22:21,2025-03-16 02:22:21,0,0
notes_draft_78.pdf,pdf,45978578,2025-03-06 02:22:22,2025-03-22 02:22:22,0,0
aadhaar_9806.pdf,pdf,1607207,2025-03-06 02:21:32,2025-03-19 02:21:32,1,0
radio.jpg,pdf,19754613,2025-03-06 02:21:56,2025-03-31 02:21:56,0,0
fight.wav,pdf,12822851,2025-03-06 02:22:08,2025-03-23 02:22:08,0,0
require.tiff,pdf,23018125,2025-03-06 02:22:47,2025-03-17 02:22:47,0,0
scan_aadhaar.pdf,pdf,1046840,2025-03-06 02:22:29,2025-03-15 02:22:29,1,0
confidential_7163.pdf,pdf,1000,2025-03-06 02:22:42,2025-03-31 02:22:42,1,0
aadhaar_document_2025.pdf,pdf,2211061,2025-03-06 02:22:01,2025-03-07 02:22:01,1,0
report_draft_21.pdf,pdf,51894847,2025-03-06 02:22:31,2025-03-12 02:22:31,0,1
scan_pan.pdf,pdf,2878496,2025-03-06 02:22:42,2025-03-26 02:22:42,1,0
confidential_8064.pdf,pdf,1380477,2025-03-06 02:21:51,2025-04-04 02:21:51,1,1
resume_4633.pdf,pdf,1000,2025-03-06 02:22:10,2025-04-05 02:22:10,1,1
report_july.pdf,pdf,20208088,2025-03-06 02:22:22,2025-03-11 02:22:22,0,0
why.gif,pdf,83131063,2025-03-06 02:22:42,2025-04-03 02:22:42,0,1
nature.flac,pdf,1000,2025-03-06 02:21:59,2025-03-09 02:21:59,0,1
passport_document_2025.pdf,pdf,1000,2025-03-06 02:21:52,2025-03-10 02:21:52,1,1
guy.gif,pdf,92116644,2025-03-06 02:22:07,2025-04-02 02:22:07,0,0
confidential_7718.pdf,pdf,1000,2025-03-06 02:22:33,2025-03-13 02:22:33,1,0
pan_document_2025.pdf,pdf,1505211,2025-03-06 02:21:39,2025-03-13 02:21:39,1,0
aadhaar_941.pdf,pdf,1238916,2025-03-06 02:21:09,2025-03-26 02:21:09,1,0
scan_passport.pdf,pdf,1000,2025-03-06 02:22:04,2025-03-09 02:22:04,1,1
memo_draft_84.pdf,pdf,26557896,2025-03-06 02:22:07,2025-04-01 02:22:07,0,1
notes_october.pdf,pdf,4835683,2025-03-06 02:22:27,2025-04-04 02:22:27,0,1
pan_4656.pdf,pdf,3563547,2025-03-06 02:21:42,2025-03-16 02:21:42,1,0
notes_november.pdf,pdf,1000,2025-03-06 02:22:44,2025-03-26 02:22:44,0,1
report_draft_30.pdf,pdf,1000,2025-03-06 02:21:58,2025-03-17 02:21:58,0,1
memo_october.pdf,pdf,1000,2025-03-06 02:22:39,2025-03-30 02:22:39,0,0
confidential_5886.pdf,pdf,1000,2025-03-06 02:21:39,2025-03-18 02:21:39,1,1
passport_7379.pdf,pdf,1000,2025-03-06 02:22:04,2025-03-28 02:22:04,1,0
one.jpg,pdf,12205146,2025-03-06 02:22:03,2025-03-13 02:22:03,0,1
passport_1348.pdf,pdf,1539487,2025-03-06 02:22:01,2025-04-05 02:22:01,1,1
ok.css,pdf,1000,2025-03-06 02:22:08,2025-03-11 02:22:08,0,0
confidential_card_white.pdf,pdf,1000,2025-03-06 02:22:21,2025-03-16 02:22:21,1,1
confidential_card_montgomery.pdf,pdf,1903951,2025-03-06 02:21:40,2025-03-27 02:21:40,1,0
passport_card_hansen.pdf,pdf,4186327,2025-03-06 02:22:03,2025-03-17 02:22:03,1,0
confidential_card_williams.pdf,pdf,11370160,2025-03-06 02:22:52,2025-03-13 02:22:52,1,0
decide.ppt,pdf,15923015,2025-03-06 02:22:56,2025-04-01 02:22:56,0,0
report_draft_18.pdf,pdf,1000,2025-03-06 02:22:38,2025-03-13 02:22:38,0,0
resume_8869.pdf,pdf,1258453,2025-03-06 02:21:33,2025-03-09 02:21:33,1,1
notes_october.pdf,pdf,18955026,2025-03-06 02:21:54,2025-03-16 02:21:54,0,0
so.json,pdf,58969126,2025-03-06 02:22:23,2025-03-09 02:22:23,0,1
resume_3509.pdf,pdf,2101980,2025-03-06 02:22:05,2025-03-19 02:22:05,1,0
memo_draft_84.pdf,pdf,1000,2025-03-06 02:22:55,2025-03-26 02:22:55,0,0
report_september.pdf,pdf,1000,2025-03-06 02:22:22,2025-04-04 02:22:22,0,1
scan_passport.pdf,pdf,3040050,2025-03-06 02:21:56,2025-03-08 02:21:56,1,0
notes_draft_8.pdf,pdf,1000,2025-03-06 02:22:11,2025-03-18 02:22:11,0,0
confidential_card_johnson.pdf,pdf,543942,2025-03-06 02:21:27,2025-03-29 02:21:27,1,0
pan_document_2025.pdf,pdf,1000,2025-03-06 02:22:33,2025-03-20 02:22:33,1,0
memo_december.pdf,pdf,1000,2025-03-06 02:22:25,2025-04-01 02:22:25,0,1
notes_draft_78.pdf,pdf,59550659,2025-03-06 02:22:52,2025-03-07 02:22:52,0,0
documents_draft_18.pdf,pdf,1000,2025-03-06 02:22:11,2025-03-25 02:22:11,0,0
aadhaar_2824.pdf,pdf,1172295,2025-03-06 02:21:53,2025-03-25 02:21:53,1,1
notes_draft_28.pdf,pdf,45694378,2025-03-06 02:22:45,2025-03-19 02:22:45,0,0
aadhaar_document_2025.pdf,pdf,1000,2025-03-06 02:21:38,2025-03-27 02:21:38,1,0
recognize.png,pdf,1000,2025-03-06 02:23:00,2025-03-22 02:23:00,0,1
report_draft_19.pdf,pdf,3684527,2025-03-06 02:22:03,2025-03-31 02:22:03,0,0
shake.mov,pdf,73955967,2025-03-06 02:22:27,2025-03-29 02:22:27,0,0
woman.gif,pdf,97833148,2025-03-06 02:22:39,2025-03-21 02:22:39,0,0
report_december.pdf,pdf,78165079,2025-03-06 02:23:00,2025-04-01 02:23:00,0,0
over.js,pdf,35413259,2025-03-06 02:22:00,2025-03-15 02:22:00,0,1
six.js,pdf,1000,2025-03-06 02:22:30,2025-03-27 02:22:30,0,0
eight.js,pdf,1000,2025-03-06 02:22:09,2025-03-15 02:22:09,0,0
notes_june.pdf,pdf,1000,2025-03-06 02:22:56,2025-03-09 02:22:56,0,0
documents_june.pdf,pdf,99768122,2025-03-06 02:22:03,2025-04-03 02:22:03,0,1
report_draft_28.pdf,pdf,55932757,2025-03-06 02:22:37,2025-04-05 02:22:37,0,0
report_draft_21.pdf,pdf,1000,2025-03-06 02:22:06,2025-03-09 02:22:06,0,0
memo_september.pdf,pdf,18004346,2025-03-06 02:22:34,2025-03-12 02:22:34,0,0
report_draft_3.pdf,pdf,1000,2025-03-06 02:22:48,2025-03-14 02:22:48,0,0
memo_june.pdf,pdf,1000,2025-03-06 02:22:22,2025-03-10 02:22:22,0,1
confidential_document_2025.pdf,pdf,2662382,2025-03-06 02:22:13,2025-03-27 02:22:13,1,0
documents_march.pdf,pdf,20327740,2025-03-06 02:22:15,2025-03-14 02:22:15,0,1
voter_739.pdf,pdf,7178774,2025-03-06 02:21:36,2025-03-14 02:21:36,1,0
notes_december.pdf,pdf,1000,2025-03-06 02:22:21,2025-03-21 02:22:21,0,0
documents_september.pdf,pdf,1000,2025-03-06 02:22:24,2025-03-22 02:22:24,0,0
pan_document_2025.pdf,pdf,3044089,2025-03-06 02:22:36,2025-03-30 02:22:36,1,1
record.wav,pdf,9147616,2025-03-06 02:22:26,2025-03-14 02:22:26,0,1
table.odt,pdf,2667051,2025-03-06 02:22:03,2025-03-23 02:22:03,0,0
scan_voter.pdf,pdf,4272285,2025-03-06 02:21:48,2025-04-01 02:21:48,1,1
voter_7238.pdf,pdf,1000,2025-03-06 02:21:27,2025-03-25 02:21:27,1,0
voter_78.pdf,pdf,7257410,2025-03-06 02:22:51,2025-03-22 02:22:51,1,1
off.html,pdf,1000,2025-03-06 02:22:37,2025-04-04 02:22:37,0,1
memo_february.pdf,pdf,21026483,2025-03-06 02:22:37,2025-03-25 02:22:37,0,0
confidential_4441.pdf,pdf,1000,2025-03-06 02:21:50,2025-04-04 02:21:50,1,1
report_november.pdf,pdf,1000,2025-03-06 02:22:06,2025-03-25 02:22:06,0,0
likely.html,pdf,20154083,2025-03-06 02:21:56,2025-03-12 02:21:56,0,0
throw.css,pdf,1000,2025-03-06 02:23:01,2025-03-15 02:23:01,0,0
notes_june.pdf,pdf,1000,2025-03-06 02:22:45,2025-03-16 02:22:45,0,1
memo_july.pdf,pdf,1000,2025-03-06 02:22:29,2025-03-31 02:22:29,0,0
report_draft_51.pdf,pdf,4070048,2025-03-06 02:22:57,2025-03-09 02:22:57,0,0
memo_draft_61.pdf,pdf,1000,2025-03-06 02:22:53,2025-03-15 02:22:53,0,1
scan_pan.pdf,pdf,1573061,2025-03-06 02:21:44,2025-03-19 02:21:44,1,1
scan_pan.pdf,pdf,3547361,2025-03-06 02:21:12,2025-03-21 02:21:12,1,0
documents_draft_96.pdf,pdf,51343770,2025-03-06 02:22:08,2025-03-24 02:22:08,0,0
scan_pan.pdf,pdf,7864706,2025-03-06 02:23:00,2025-03-20 02:23:00,1,1
scan_resume.pdf,pdf,4678,2025-03-06 02:21:54,2025-03-27 02:21:54,1,1
college.tiff,pdf,19402931,2025-03-06 02:21:54,2025-03-31 02:21:54,0,1
voter_card_burton.pdf,pdf,1000,2025-03-06 02:22:24,2025-04-04 02:22:24,1,0
resume_document_2025.pdf,pdf,1000,2025-03-06 02:21:28,2025-03-21 02:21:28,1,1
report_april.pdf,pdf,1000,2025-03-06 02:21:57,2025-03-19 02:21:57,0,0
report_draft_18.pdf,pdf,1000,2025-03-06 02:22:06,2025-04-02 02:22:06,0,0
confidential_document_2025.pdf,pdf,1939446,2025-03-06 02:22:10,2025-03-22 02:22:10,1,1
documents_january.pdf,pdf,1000,2025-03-06 02:22:44,2025-03-25 02:22:44,0,1
notes_draft_62.pdf,pdf,1000,2025-03-06 02:22:58,2025-03-29 02:22:58,0,1
pan_card_davis.pdf,pdf,968848,2025-03-06 02:21:56,2025-03-10 02:21:56,1,1
scientist.json,pdf,41018883,2025-03-06 02:21:59,2025-03-19 02:21:59,0,0
scan_passport.pdf,pdf,1000,2025-03-06 02:22:39,2025-03-23 02:22:39,1,0
report_july.pdf,pdf,55287381,2025-03-06 02:22:22,2025-03-26 02:22:22,0,0
aadhaar_document_2025.pdf,pdf,1514936,2025-03-06 02:22:23,2025-03-21 02:22:23,1,0
documents_draft_20.pdf,pdf,72817495,2025-03-06 02:22:33,2025-03-23 02:22:33,0,0
memo_draft_14.pdf,pdf,19959367,2025-03-06 02:22:41,2025-03-21 02:22:41,0,0
military.xls,pdf,16424482,2025-03-06 02:22:04,2025-03-13 02:22:04,0,0
memo_draft_72.pdf,pdf,56652967,2025-03-06 02:22:18,2025-03-18 02:22:18,0,1
documents_draft_13.pdf,pdf,1000,2025-03-06 02:22:46,2025-04-03 02:22:46,0,0
documents_draft_29.pdf,pdf,1000,2025-03-06 02:22:53,2025-03-21 02:22:53,0,0
voter_document_2025.pdf,pdf,2668453,2025-03-06 02:21:14,2025-04-04 02:21:14,1,1
notes_january.pdf,pdf,49950299,2025-03-06 02:22:13,2025-04-04 02:22:13,0,0
resume_document_2025.pdf,pdf,2182384,2025-03-06 02:22:19,2025-03-28 02:22:19,1,0
dark.avi,pdf,42676618,2025-03-06 02:22:20,2025-03-14 02:22:20,0,0
scan_pan.pdf,pdf,4104508,2025-03-06 02:22:47,2025-03-29 02:22:47,1,0
scan_pan.pdf,pdf,1000,2025-03-06 02:21:32,2025-03-06 02:21:32,1,0
confidential_9542.pdf,pdf,4269540,2025-03-06 02:21:46,2025-03-06 02:21:46,1,0
confidential_document_2025.pdf,pdf,1000,2025-03-06 02:21:27,2025-03-15 02:21:27,1,0
memo_july.pdf,pdf,52670471,2025-03-06 02:22:13,2025-03-23 02:22:13,0,0
memo_draft_45.pdf,pdf,41091834,2025-03-06 02:22:09,2025-03-13 02:22:09,0,1
memo_draft_68.pdf,pdf,95601799,2025-03-06 02:22:24,2025-03-29 02:22:24,0,0
memo_may.pdf,pdf,8789933,2025-03-06 02:22:29,2025-03-20 02:22:29,0,0
too.flac,pdf,131415262,2025-03-06 02:22:40,2025-03-19 02:22:40,0,1
rich.jpg,pdf,86649636,2025-03-06 02:22:23,2025-03-26 02:22:23,0,0
memo_draft_61.pdf,pdf,1000,2025-03-06 02:22:17,2025-03-22 02:22:17,0,0
report_draft_54.pdf,pdf,1000,2025-03-06 02:22:15,2025-03-17 02:22:15,0,0
documents_draft_78.pdf,pdf,108450998,2025-03-06 02:22:47,2025-03-16 02:22:47,0,0
scan_resume.pdf,pdf,3692173,2025-03-06 02:22:58,2025-04-04 02:22:58,1,1
key.mp3,pdf,47347769,2025-03-06 02:22:51,2025-03-08 02:22:51,0,0
memo_draft_11.pdf,pdf,1000,2025-03-06 02:22:14,2025-04-03 02:22:14,0,0
just.pages,pdf,10806283,2025-03-06 02:22:29,2025-03-21 02:22:29,0,0
development.avi,pdf,12018585,2025-03-06 02:22:10,2025-03-20 02:22:10,0,1
military.mov,pdf,35127424,2025-03-06 02:22:01,2025-03-12 02:22:01,0,0
voter_card_sosa.pdf,pdf,4255944,2025-03-06 02:21:13,2025-03-30 02:21:13,1,0
report_december.pdf,pdf,106403523,2025-03-06 02:22:16,2025-03-15 02:22:16,0,0
aadhaar_document_2025.pdf,pdf,1000,2025-03-06 02:21:47,2025-03-27 02:21:47,1,1
memo_draft_65.pdf,pdf,1161158,2025-03-06 02:22:28,2025-04-02 02:22:28,0,1
memo_draft_80.pdf,pdf,17419203,2025-03-06 02:21:56,2025-03-27 02:21:56,0,0
notice.tiff,pdf,1000,2025-03-06 02:22:29,2025-03-21 02:22:29,0,0
resource.pages,pdf,1000,2025-03-06 02:22:47,2025-03-24 02:22:47,0,1
voter_document_2025.pdf,pdf,1698104,2025-03-06 02:22:28,2025-03-07 02:22:28,1,0
report_october.pdf,pdf,1000,2025-03-06 02:22:18,2025-03-21 02:22:18,0,1
confidential_card_ford.pdf,pdf,1241784,2025-03-06 02:21:19,2025-03-13 02:21:19,1,0
scan_confidential.pdf,pdf,3167523,2025-03-06 02:22:44,2025-03-14 02:22:44,1,1
scan_resume.pdf,pdf,1000,2025-03-06 02:22:02,2025-03-20 02:22:02,1,0
report_draft_76.pdf,pdf,36285468,2025-03-06 02:22:56,2025-03-31 02:22:56,0,0
special.jpg,pdf,27926453,2025-03-06 02:22:20,2025-03-30 02:22:20,0,0
memo_july.pdf,pdf,1000,2025-03-06 02:21:54,2025-03-31 02:21:54,0,0
pan_document_2025.pdf,pdf,248673,2025-03-06 02:22:44,2025-03-21 02:22:44,1,1
tree.json,pdf,79082026,2025-03-06 02:22:07,2025-03-06 02:22:07,0,0
say.odt,pdf,1000,2025-03-06 02:21:53,2025-04-05 02:21:53,0,0
documents_draft_66.pdf,pdf,26378493,2025-03-06 02:22:31,2025-03-16 02:22:31,0,0
notes_draft_5.pdf,pdf,1000,2025-03-06 02:22:47,2025-04-03 02:22:47,0,0
passport_315.pdf,pdf,5417768,2025-03-06 02:21:23,2025-03-22 02:21:23,1,0
value.json,pdf,103638733,2025-03-06 02:22:47,2025-04-05 02:22:47,0,0
report_draft_88.pdf,pdf,36387122,2025-03-06 02:22:21,2025-03-08 02:22:21,0,1
budget.wav,pdf,6822814,2025-03-06 02:22:16,2025-03-30 02:22:16,0,0
memo_august.pdf,pdf,1000,2025-03-06 02:21:59,2025-04-02 02:21:59,0,1
aadhaar_card_bell.pdf,pdf,1000,2025-03-06 02:22:59,2025-03-15 02:22:59,1,0
documents_november.pdf,pdf,37552335,2025-03-06 02:22:14,2025-03-28 02:22:14,0,0
voter_card_beltran.pdf,pdf,443456,2025-03-06 02:21:42,2025-03-16 02:21:42,1,0
passport_document_2025.pdf,pdf,4065,2025-03-06 02:22:22,2025-03-22 02:22:22,1,1
notes_draft_10.pdf,pdf,1000,2025-03-06 02:22:15,2025-03-26 02:22:15,0,0
documents_draft_75.pdf,pdf,106471466,2025-03-06 02:22:31,2025-04-04 02:22:31,0,0
each.avi,pdf,148207683,2025-03-06 02:22:29,2025-03-25 02:22:29,0,1
documents_april.pdf,pdf,236888,2025-03-06 02:22:45,2025-03-06 02:22:45,0,1
passport_document_2025.pdf,pdf,1000,2025-03-06 02:22:46,2025-03-06 02:22:46,1,0
report_draft_44.pdf,pdf,51131349,2025-03-06 02:22:12,2025-03-06 02:22:12,0,0
documents_june.pdf,pdf,4901350,2025-03-06 02:22:07,2025-03-31 02:22:07,0,0
aadhaar_7250.pdf,pdf,2967583,2025-03-06 02:22:42,2025-03-08 02:22:42,1,0
aadhaar_card_fox.pdf,pdf,2031372,2025-03-06 02:22:24,2025-03-10 02:22:24,1,1
resume_7601.pdf,pdf,1000,2025-03-06 02:21:29,2025-03-26 02:21:29,1,1
memo_draft_53.pdf,pdf,42684648,2025-03-06 02:22:12,2025-03-20 02:22:12,0,1
notes_draft_25.pdf,pdf,11798627,2025-03-06 02:22:47,2025-03-09 02:22:47,0,0
scan_resume.pdf,pdf,1000,2025-03-06 02:22:21,2025-03-15 02:22:21,1,0
aadhaar_7740.pdf,pdf,1000,2025-03-06 02:22:06,2025-03-10 02:22:06,1,0
confidential_document_2025.pdf,pdf,5521992,2025-03-06 02:21:25,2025-03-28 02:21:25,1,0
memo_september.pdf,pdf,15757137,2025-03-06 02:22:07,2025-03-06 02:22:07,0,0
documents_draft_91.pdf,pdf,1000,2025-03-06 02:22:37,2025-03-29 02:22:37,0,1
memo_august.pdf,pdf,80595129,2025-03-06 02:22:17,2025-03-23 02:22:17,0,1
scan_passport.pdf,pdf,1534119,2025-03-06 02:21:18,2025-03-29 02:21:18,1,0
aadhaar_7359.pdf,pdf,3613907,2025-03-06 02:21:56,2025-03-29 02:21:56,1,0
pan_9625.pdf,pdf,2524403,2025-03-06 02:21:30,2025-03-21 02:21:30,1,0
report_draft_28.pdf,pdf,1000,2025-03-06 02:22:56,2025-03-22 02:22:56,0,0
voter_document_2025.pdf,pdf,1000,2025-03-06 02:22:57,2025-03-26 02:22:57,1,1
memo_draft_67.pdf,pdf,102071890,2025-03-06 02:22:08,2025-03-21 02:22:08,0,0
report_may.pdf,pdf,73449694,2025-03-06 02:22:39,2025-03-31 02:22:39,0,1
report_draft_4.pdf,pdf,27443156,2025-03-06 02:22:19,2025-03-25 02:22:19,0,0
documents_october.pdf,pdf,147528618,2025-03-06 02:22:54,2025-03-12 02:22:54,0,1
documents_july.pdf,pdf,56932015,2025-03-06 02:23:00,2025-03-25 02:23:00,0,0
pan_1477.pdf,pdf,1000,2025-03-06 02:22:14,2025-03-14 02:22:14,1,1
notes_draft_0.pdf,pdf,776461,2025-03-06 02:22:51,2025-03-24 02:22:51,0,0
aadhaar_8916.pdf,pdf,1000,2025-03-06 02:22:45,2025-03-27 02:22:45,1,0
easy.doc,pdf,18011652,2025-03-06 02:21:58,2025-03-27 02:21:58,0,0
might.bmp,pdf,1000,2025-03-06 02:22:29,2025-03-31 02:22:29,0,0
scan_voter.pdf,pdf,3581929,2025-03-06 02:22:12,2025-03-20 02:22:12,1,1
notes_draft_1.pdf,pdf,1000,2025-03-06 02:22:40,2025-04-04 02:22:40,0,0
documents_january.pdf,pdf,32977275,2025-03-06 02:22:37,2025-03-15 02:22:37,0,0
resume_document_2025.pdf,pdf,5067316,2025-03-06 02:22:20,2025-03-11 02:22:20,1,0
voter_card_richardson.pdf,pdf,1000,2025-03-06 02:21:34,2025-04-02 02:21:34,1,0
minute.tiff,pdf,26458986,2025-03-06 02:21:57,2025-03-23 02:21:57,0,0
confidential_card_schwartz.pdf,pdf,1000,2025-03-06 02:21:47,2025-03-20 02:21:47,1,0
documents_draft_54.pdf,pdf,48536287,2025-03-06 02:22:39,2025-03-27 02:22:39,0,0
report_draft_8.pdf,pdf,1000,2025-03-06 02:22:08,2025-03-16 02:22:08,0,0
notes_january.pdf,pdf,1000,2025-03-06 02:22:12,2025-04-04 02:22:12,0,1
memo_draft_0.pdf,pdf,64147935,2025-03-06 02:22:42,2025-03-06 02:22:42,0,1
discover.mp3,pdf,22873253,2025-03-06 02:21:52,2025-03-27 02:21:52,0,0
write.docx,pdf,17291112,2025-03-06 02:22:24,2025-03-07 02:22:24,0,1
passport_card_ball.pdf,pdf,156558,2025-03-06 02:21:49,2025-04-01 02:21:49,1,0
documents_february.pdf,pdf,1000,2025-03-06 02:22:17,2025-03-19 02:22:17,0,1
documents_draft_14.pdf,pdf,1000,2025-03-06 02:22:02,2025-03-11 02:22:02,0,0
memo_draft_26.pdf,pdf,16934158,2025-03-06 02:22:41,2025-03-29 02:22:41,0,0
memo_april.pdf,pdf,84952885,2025-03-06 02:21:57,2025-03-24 02:21:57,0,0
documents_october.pdf,pdf,1000,2025-03-06 02:22:50,2025-03-22 02:22:50,0,1
memo_draft_90.pdf,pdf,1325104,2025-03-06 02:22:07,2025-04-04 02:22:07,0,1
notes_draft_49.pdf,pdf,54498392,2025-03-06 02:22:01,2025-03-28 02:22:01,0,0
church.ppt,pdf,1000,2025-03-06 02:22:46,2025-03-12 02:22:46,0,1
memo_september.pdf,pdf,20591251,2025-03-06 02:22:00,2025-04-03 02:22:00,0,0
resume_document_2025.pdf,pdf,2209983,2025-03-06 02:21:55,2025-03-09 02:21:55,1,0
memo_june.pdf,pdf,1603963,2025-03-06 02:22:04,2025-03-24 02:22:04,0,0
say.doc,pdf,1000,2025-03-06 02:22:49,2025-03-24 02:22:49,0,1
notes_draft_77.pdf,pdf,84057318,2025-03-06 02:22:24,2025-03-07 02:22:24,0,0
report_draft_59.pdf,pdf,60544990,2025-03-06 02:22:00,2025-03-19 02:22:00,0,0
notes_january.pdf,pdf,1000,2025-03-06 02:22:34,2025-04-04 02:22:34,0,1
documents_june.pdf,pdf,35335087,2025-03-06 02:21:59,2025-03-24 02:21:59,0,0
aadhaar_99.pdf,pdf,5796313,2025-03-06 02:21:57,2025-03-28 02:21:57,1,0
notes_march.pdf,pdf,16061627,2025-03-06 02:23:00,2025-04-04 02:23:00,0,1
effort.mp4,pdf,38889557,2025-03-06 02:22:47,2025-03-30 02:22:47,0,0
memo_november.pdf,pdf,42324548,2025-03-06 02:22:10,2025-03-20 02:22:10,0,0
voter_3934.pdf,pdf,2003499,2025-03-06 02:21:31,2025-03-27 02:21:31,1,0
memo_draft_24.pdf,pdf,1000,2025-03-06 02:22:31,2025-03-19 02:22:31,0,0
report_september.pdf,pdf,19747280,2025-03-06 02:21:52,2025-03-29 02:21:52,0,0
documents_draft_67.pdf,pdf,18453780,2025-03-06 02:22:42,2025-03-06 02:22:42,0,1
notes_draft_48.pdf,pdf,1000,2025-03-06 02:22:58,2025-03-20 02:22:58,0,0
notes_draft_5.pdf,pdf,1000,2025-03-06 02:22:04,2025-03-30 02:22:04,0,0
scan_passport.pdf,pdf,5383384,2025-03-06 02:22:24,2025-03-09 02:22:24,1,1
voter_document_2025.pdf,pdf,1000,2025-03-06 02:22:32,2025-04-02 02:22:32,1,1
leg.mp3,pdf,34916077,2025-03-06 02:21:58,2025-03-24 02:21:58,0,0
memo_may.pdf,pdf,1000,2025-03-06 02:21:59,2025-03-22 02:21:59,0,0
report_november.pdf,pdf,31019504,2025-03-06 02:22:47,2025-03-18 02:22:47,0,0
box.flac,pdf,8096846,2025-03-06 02:22:18,2025-03-29 02:22:18,0,0
documents_november.pdf,pdf,36294084,2025-03-06 02:22:55,2025-03-14 02:22:55,0,0
notes_may.pdf,pdf,50966176,2025-03-06 02:22:19,2025-03-16 02:22:19,0,0
scan_resume.pdf,pdf,1000,2025-03-06 02:21:15,2025-03-14 02:21:15,1,0
include.mov,pdf,1000,2025-03-06 02:22:33,2025-03-13 02:22:33,0,1
left.doc,pdf,18066977,2025-03-06 02:22:17,2025-03-16 02:22:17,0,0
upon.css,pdf,61492585,2025-03-06 02:22:35,2025-03-27 02:22:35,0,0
report_december.pdf,pdf,1000,2025-03-06 02:21:53,2025-04-03 02:21:53,0,0
notes_february.pdf,pdf,1000,2025-03-06 02:22:46,2025-03-08 02:22:46,0,0
resume_document_2025.pdf,pdf,1767742,2025-03-06 02:22:30,2025-03-08 02:22:30,1,1
documents_november.pdf,pdf,1000,2025-03-06 02:22:23,2025-03-29 02:22:23,0,1
pan_card_donovan.pdf,pdf,1000,2025-03-06 02:22:00,2025-03-20 02:22:00,1,1
these.csv,pdf,18039898,2025-03-06 02:22:04,2025-03-30 02:22:04,0,0
notice.css,pdf,94978245,2025-03-06 02:22:58,2025-03-17 02:22:58,0,0
current.mp4,pdf,1000,2025-03-06 02:22:58,2025-03-29 02:22:58,0,0
documents_february.pdf,pdf,39079687,2025-03-06 02:22:03,2025-03-11 02:22:03,0,0
passport_card_cobb.pdf,pdf,2334937,2025-03-06 02:21:36,2025-03-19 02:21:36,1,1
documents_march.pdf,pdf,94612746,2025-03-06 02:22:29,2025-03-22 02:22:29,0,1
report_september.pdf,pdf,1000,2025-03-06 02:22:42,2025-03-24 02:22:42,0,0
report_april.pdf,pdf,47358984,2025-03-06 02:22:07,2025-03-12 02:22:07,0,1
pan_753.pdf,pdf,1000,2025-03-06 02:21:16,2025-04-05 02:21:16,1,0
bag.wav,pdf,1000,2025-03-06 02:22:16,2025-03-20 02:22:16,0,1
memo_draft_43.pdf,pdf,151230437,2025-03-06 02:22:53,2025-03-17 02:22:53,0,0
resume_card_perez.pdf,pdf,1000,2025-03-06 02:21:44,2025-03-23 02:21:44,1,1
memo_january.pdf,pdf,1000,2025-03-06 02:22:49,2025-03-16 02:22:49,0,0
memo_april.pdf,pdf,25513174,2025-03-06 02:22:05,2025-03-19 02:22:05,0,1
notes_may.pdf,pdf,4598119,2025-03-06 02:22:44,2025-03-16 02:22:44,0,1
report_draft_47.pdf,pdf,1000,2025-03-06 02:22:28,2025-03-15 02:22:28,0,0
heart.wav,pdf,1000,2025-03-06 02:21:57,2025-03-06 02:21:57,0,0
entire.js,pdf,19591183,2025-03-06 02:22:10,2025-03-09 02:22:10,0,0
pan_3181.pdf,pdf,1000,2025-03-06 02:21:36,2025-03-11 02:21:36,1,0
impact.mp3,pdf,24922123,2025-03-06 02:21:58,2025-03-23 02:21:58,0,0
resume_5970.pdf,pdf,1000,2025-03-06 02:22:15,2025-03-12 02:22:15,1,1
scan_passport.pdf,pdf,1000,2025-03-06 02:21:36,2025-03-27 02:21:36,1,1
passport_card_cline.pdf,pdf,6374703,2025-03-06 02:21:43,2025-03-06 02:21:43,1,0
documents_july.pdf,pdf,1000,2025-03-06 02:22:19,2025-03-15 02:22:19,0,1
scan_passport.pdf,pdf,330676,2025-03-06 02:22:35,2025-04-02 02:22:35,1,0
offer.tiff,pdf,111552956,2025-03-06 02:22:34,2025-03-07 02:22:34,0,0
memo_draft_58.pdf,pdf,1000,2025-03-06 02:22:05,2025-03-08 02:22:05,0,1
pan_4703.pdf,pdf,4239494,2025-03-06 02:21:16,2025-03-06 02:21:16,1,0
documents_draft_48.pdf,pdf,102478696,2025-03-06 02:22:28,2025-03-22 02:22:28,0,0
memo_september.pdf,pdf,90637255,2025-03-06 02:22:10,2025-03-31 02:22:10,0,1
memo_june.pdf,pdf,1000,2025-03-06 02:22:07,2025-03-28 02:22:07,0,0
pan_5598.pdf,pdf,6286799,2025-03-06 02:21:54,2025-03-11 02:21:54,1,0
report_august.pdf,pdf,1000,2025-03-06 02:23:01,2025-04-01 02:23:01,0,0
least.pages,pdf,62140715,2025-03-06 02:22:05,2025-03-31 02:22:05,0,0
scan_passport.pdf,pdf,2583207,2025-03-06 02:22:03,2025-03-06 02:22:03,1,0
resume_7250.pdf,pdf,2598279,2025-03-06 02:22:33,2025-04-02 02:22:33,1,1
report_june.pdf,pdf,120579292,2025-03-06 02:22:52,2025-03-14 02:22:52,0,0
memo_draft_25.pdf,pdf,1000,2025-03-06 02:21:59,2025-04-03 02:21:59,0,0
pan_1725.pdf,pdf,2664253,2025-03-06 02:21:19,2025-03-25 02:21:19,1,0
passport_card_cunningham.pdf,pdf,2836323,2025-03-06 02:22:53,2025-03-26 02:22:53,1,0
passport_card_chen.pdf,pdf,3644413,2025-03-06 02:22:27,2025-03-30 02:22:27,1,0
documents_draft_37.pdf,pdf,38817737,2025-03-06 02:23:00,2025-03-06 02:23:00,0,1
notes_march.pdf,pdf,58393949,2025-03-06 02:22:06,2025-03-15 02:22:06,0,1
notes_draft_62.pdf,pdf,1000,2025-03-06 02:22:01,2025-03-27 02:22:01,0,1
pan_card_fischer.pdf,pdf,1000,2025-03-06 02:21:43,2025-03-14 02:21:43,1,1
voter_4424.pdf,pdf,7711762,2025-03-06 02:22:46,2025-03-11 02:22:46,1,0
card.mp3,pdf,20136118,2025-03-06 02:22:31,2025-04-03 02:22:31,0,0
information.webm,pdf,18978379,2025-03-06 02:21:56,2025-03-27 02:21:56,0,1
aadhaar_document_2025.pdf,pdf,1000,2025-03-06 02:22:21,2025-03-12 02:22:21,1,1
feeling.csv,pdf,114592952,2025-03-06 02:22:13,2025-04-04 02:22:13,0,0
resume_document_2025.pdf,pdf,5588386,2025-03-06 02:22:19,2025-03-28 02:22:19,1,0
resume_9887.pdf,pdf,1000,2025-03-06 02:21:14,2025-04-02 02:21:14,1,1
voter_card_smith.pdf,pdf,1673347,2025-03-06 02:22:38,2025-04-05 02:22:38,1,0
scan_resume.pdf,pdf,1561468,2025-03-06 02:21:27,2025-03-09 02:21:27,1,0
notes_draft_68.pdf,pdf,1000,2025-03-06 02:22:10,2025-03-11 02:22:10,0,1
stock.csv,pdf,1000,2025-03-06 02:23:00,2025-03-22 02:23:00,0,1
outside.tiff,pdf,13637022,2025-03-06 02:21:59,2025-03-22 02:21:59,0,0
report_september.pdf,pdf,1000,2025-03-06 02:22:30,2025-03-11 02:22:30,0,0
memo_draft_82.pdf,pdf,110356595,2025-03-06 02:22:59,2025-03-10 02:22:59,0,1
pan_document_2025.pdf,pdf,4634696,2025-03-06 02:21:21,2025-03-30 02:21:21,1,1
pan_document_2025.pdf,pdf,3659145,2025-03-06 02:21:36,2025-03-30 02:21:36,1,1
check.odp,pdf,31987333,2025-03-06 02:22:00,2025-04-03 02:22:00,0,0
remain.mov,pdf,18898886,2025-03-06 02:22:55,2025-04-02 02:22:55,0,0
different.mp4,pdf,21161747,2025-03-06 02:22:12,2025-03-30 02:22:12,0,0
memo_draft_96.pdf,pdf,50039285,2025-03-06 02:22:29,2025-03-08 02:22:29,0,1
teach.ods,pdf,1000,2025-03-06 02:21:54,2025-03-31 02:21:54,0,0
as.ppt,pdf,52733464,2025-03-06 02:22:22,2025-03-08 02:22:22,0,0
economy.gif,pdf,1000,2025-03-06 02:22:13,2025-03-07 02:22:13,0,0
political.wav,pdf,1000,2025-03-06 02:22:16,2025-03-09 02:22:16,0,0
memo_january.pdf,pdf,105760956,2025-03-06 02:21:55,2025-03-27 02:21:55,0,1
resume_document_2025.pdf,pdf,4082308,2025-03-06 02:22:23,2025-03-31 02:22:23,1,1
scan_resume.pdf,pdf,1621976,2025-03-06 02:21:41,2025-03-26 02:21:41,1,0
documents_may.pdf,pdf,1000,2025-03-06 02:21:59,2025-03-19 02:21:59,0,0
notes_draft_9.pdf,pdf,1000,2025-03-06 02:22:58,2025-03-28 02:22:58,0,0
resume_document_2025.pdf,pdf,3340552,2025-03-06 02:21:26,2025-03-26 02:21:26,1,0
resume_document_2025.pdf,pdf,1000,2025-03-06 02:22:02,2025-04-01 02:22:02,1,1
pattern.avi,pdf,1000,2025-03-06 02:22:15,2025-03-16 02:22:15,0,1
resume_card_jones.pdf,pdf,1000,2025-03-06 02:22:13,2025-03-10 02:22:13,1,0
passport_card_friedman.pdf,pdf,4052223,2025-03-06 02:22:54,2025-03-23 02:22:54,1,0
documents_draft_39.pdf,pdf,30014261,2025-03-06 02:21:57,2025-03-19 02:21:57,0,1
voter_card_mathis.pdf,pdf,1254320,2025-03-06 02:21:59,2025-03-06 02:21:59,1,1
report_draft_43.pdf,pdf,1000,2025-03-06 02:21:55,2025-03-27 02:21:55,0,0
resume_document_2025.pdf,pdf,1601754,2025-03-06 02:22:21,2025-03-13 02:22:21,1,0
pan_4629.pdf,pdf,5592907,2025-03-06 02:22:26,2025-03-09 02:22:26,1,1
pan_2782.pdf,pdf,1481715,2025-03-06 02:22:48,2025-04-02 02:22:48,1,0
notes_november.pdf,pdf,1000,2025-03-06 02:22:22,2025-03-08 02:22:22,0,1
scan_passport.pdf,pdf,2412657,2025-03-06 02:21:48,2025-03-19 02:21:48,1,1
pan_3940.pdf,pdf,6839616,2025-03-06 02:21:18,2025-03-26 02:21:18,1,0
memo_draft_64.pdf,pdf,1000,2025-03-06 02:22:38,2025-04-01 02:22:38,0,0
aadhaar_7783.pdf,pdf,1000,2025-03-06 02:22:00,2025-03-20 02:22:00,1,1
speak.gif,pdf,1000,2025-03-06 02:22:55,2025-03-28 02:22:55,0,1
notes_draft_79.pdf,pdf,98946392,2025-03-06 02:22:28,2025-03-25 02:22:28,0,0
report_draft_7.pdf,pdf,66879945,2025-03-06 02:22:47,2025-03-25 02:22:47,0,1
aadhaar_document_2025.pdf,pdf,1115552,2025-03-06 02:22:36,2025-03-28 02:22:36,1,0
passport_document_2025.pdf,pdf,1000,2025-03-06 02:22:25,2025-03-28 02:22:25,1,1
notes_april.pdf,pdf,26894074,2025-03-06 02:22:33,2025-03-25 02:22:33,0,0
statement.flac,pdf,1000,2025-03-06 02:22:17,2025-03-29 02:22:17,0,0
voter_card_waters.pdf,pdf,1717765,2025-03-06 02:22:53,2025-03-15 02:22:53,1,0
again.jpeg,pdf,1000,2025-03-06 02:22:35,2025-03-31 02:22:35,0,1
aadhaar_6136.pdf,pdf,4210913,2025-03-06 02:22:58,2025-03-29 02:22:58,1,1
consumer.mp3,pdf,1000,2025-03-06 02:22:34,2025-03-15 02:22:34,0,0
notes_draft_92.pdf,pdf,1000,2025-03-06 02:22:37,2025-03-08 02:22:37,0,0
scan_voter.pdf,pdf,5787564,2025-03-06 02:21:36,2025-03-20 02:21:36,1,0
memo_draft_73.pdf,pdf,8688404,2025-03-06 02:22:49,2025-03-17 02:22:49,0,1
scan_passport.pdf,pdf,3788727,2025-03-06 02:22:43,2025-03-12 02:22:43,1,0
scan_confidential.pdf,pdf,1000,2025-03-06 02:22:24,2025-03-15 02:22:24,1,1
documents_draft_3.pdf,pdf,1000,2025-03-06 02:22:48,2025-03-08 02:22:48,0,0
report_april.pdf,pdf,79047801,2025-03-06 02:22:02,2025-03-08 02:22:02,0,1
report_september.pdf,pdf,1000,2025-03-06 02:22:38,2025-03-07 02:22:38,0,0
scan_confidential.pdf,pdf,2040314,2025-03-06 02:22:55,2025-03-08 02:22:55,1,0
somebody.json,pdf,1000,2025-03-06 02:22:19,2025-03-28 02:22:19,0,1
pan_card_cruz.pdf,pdf,1814060,2025-03-06 02:21:21,2025-04-02 02:21:21,1,0
notes_february.pdf,pdf,43454305,2025-03-06 02:22:08,2025-03-17 02:22:08,0,0
pan_document_2025.pdf,pdf,852672,2025-03-06 02:22:05,2025-03-23 02:22:05,1,0
report_november.pdf,pdf,7186110,2025-03-06 02:22:38,2025-03-12 02:22:38,0,0
memo_november.pdf,pdf,5225714,2025-03-06 02:22:18,2025-03-19 02:22:18,0,0
voter_1614.pdf,pdf,228322,2025-03-06 02:22:18,2025-03-20 02:22:18,1,0
documents_march.pdf,pdf,1000,2025-03-06 02:23:01,2025-04-03 02:23:01,0,0
documents_draft_0.pdf,pdf,1000,2025-03-06 02:22:10,2025-04-02 02:22:10,0,0
documents_july.pdf,pdf,20155689,2025-03-06 02:22:27,2025-03-23 02:22:27,0,0
voter_card_lamb.pdf,pdf,1000,2025-03-06 02:22:58,2025-03-21 02:22:58,1,0
report_march.pdf,pdf,1000,2025-03-06 02:22:07,2025-04-02 02:22:07,0,0
documents_draft_58.pdf,pdf,1000,2025-03-06 02:22:21,2025-03-30 02:22:21,0,1
bring.tiff,pdf,1000,2025-03-06 02:22:00,2025-03-21 02:22:00,0,0
confidential_card_hunter.pdf,pdf,1000,2025-03-06 02:21:43,2025-03-15 02:21:43,1,0
popular.xlsx,pdf,1000,2025-03-06 02:21:52,2025-03-19 02:21:52,0,0
own.xls,pdf,1000,2025-03-06 02:22:58,2025-03-20 02:22:58,0,0
ago.flac,pdf,58974344,2025-03-06 02:22:42,2025-03-23 02:22:42,0,0
pan_document_2025.pdf,pdf,2050903,2025-03-06 02:22:03,2025-03-09 02:22:03,1,0
report.png,pdf,1802704,2025-03-06 02:22:17,2025-03-25 02:22:17,0,0
passport_document_2025.pdf,pdf,4294699,2025-03-06 02:22:02,2025-04-01 02:22:02,1,0
confidential_card_phillips.pdf,pdf,2343274,2025-03-06 02:22:37,2025-03-20 02:22:37,1,0
market.mov,pdf,1000,2025-03-06 02:22:27,2025-04-02 02:22:27,0,1
report_july.pdf,pdf,78935373,2025-03-06 02:22:57,2025-03-12 02:22:57,0,0
memo_september.pdf,pdf,13969316,2025-03-06 02:22:48,2025-03-06 02:22:48,0,1
resume_document_2025.pdf,pdf,2100115,2025-03-06 02:22:16,2025-03-17 02:22:16,1,0
well.jpg,pdf,1000,2025-03-06 02:22:07,2025-03-12 02:22:07,0,1
report_november.pdf,pdf,17904099,2025-03-06 02:22:45,2025-03-07 02:22:45,0,0
aadhaar_document_2025.pdf,pdf,3881698,2025-03-06 02:22:25,2025-04-01 02:22:25,1,0
pan_5163.pdf,pdf,1000,2025-03-06 02:21:16,2025-03-17 02:21:16,1,0
somebody.jpeg,pdf,50199032,2025-03-06 02:22:20,2025-03-22 02:22:20,0,0
confidential_document_2025.pdf,pdf,1000,2025-03-06 02:22:12,2025-03-07 02:22:12,1,0
aadhaar_251.pdf,pdf,3368260,2025-03-06 02:22:40,2025-03-21 02:22:40,1,1
memo_january.pdf,pdf,118871897,2025-03-06 02:22:26,2025-03-21 02:22:26,0,1
documents_march.pdf,pdf,15579471,2025-03-06 02:22:57,2025-03-07 02:22:57,0,1
glass.wav,pdf,1000,2025-03-06 02:22:08,2025-03-30 02:22:08,0,0
notes_april.pdf,pdf,83533515,2025-03-06 02:22:38,2025-03-16 02:22:38,0,0
aadhaar_1256.pdf,pdf,224855,2025-03-06 02:21:27,2025-03-21 02:21:27,1,0
scan_resume.pdf,pdf,1000,2025-03-06 02:22:24,2025-04-01 02:22:24,1,0
documents_draft_0.pdf,pdf,13506976,2025-03-06 02:22:18,2025-03-28 02:22:18,0,0
notes_draft_92.pdf,pdf,1000,2025-03-06 02:22:33,2025-03-13 02:22:33,0,0
scan_resume.pdf,pdf,4199158,2025-03-06 02:21:56,2025-04-05 02:21:56,1,0
resume_9794.pdf,pdf,1000,2025-03-06 02:21:18,2025-03-06 02:21:18,1,0
report_draft_22.pdf,pdf,122408015,2025-03-06 02:22:32,2025-03-25 02:22:32,0,1
report_january.pdf,pdf,23599390,2025-03-06 02:22:47,2025-03-22 02:22:47,0,0
resume_card_wright.pdf,pdf,1225001,2025-03-06 02:21:52,2025-03-31 02:21:52,1,0
aadhaar_document_2025.pdf,pdf,1000,2025-03-06 02:23:00,2025-03-14 02:23:00,1,0
notes_draft_19.pdf,pdf,77842939,2025-03-06 02:22:28,2025-03-31 02:22:28,0,1
education.csv,pdf,1000,2025-03-06 02:22:12,2025-03-25 02:22:12,0,0
memo_september.pdf,pdf,7164481,2025-03-06 02:22:29,2025-03-07 02:22:29,0,0
documents_draft_35.pdf,pdf,14527281,2025-03-06 02:22:24,2025-03-22 02:22:24,0,0
aadhaar_8378.pdf,pdf,2376997,2025-03-06 02:21:48,2025-03-30 02:21:48,1,0
voter_card_patterson.pdf,pdf,1317569,2025-03-06 02:21:43,2025-03-26 02:21:43,1,1
wonder.tiff,pdf,71552255,2025-03-06 02:22:58,2025-03-21 02:22:58,0,0
report_june.pdf,pdf,1000,2025-03-06 02:22:06,2025-03-17 02:22:06,0,1
remember.mov,pdf,60945094,2025-03-06 02:22:55,2025-03-31 02:22:55,0,1
voter_document_2025.pdf,pdf,1000,2025-03-06 02:21:09,2025-04-03 02:21:09,1,0
aadhaar_document_2025.pdf,pdf,1000,2025-03-06 02:23:00,2025-03-28 02:23:00,1,0
report_draft_65.pdf,pdf,1000,2025-03-06 02:22:47,2025-03-12 02:22:47,0,1
want.webm,pdf,142853044,2025-03-06 02:22:34,2025-04-03 02:22:34,0,0
confidential_document_2025.pdf,pdf,3085057,2025-03-06 02:21:10,2025-03-06 02:21:10,1,0
notes_february.pdf,pdf,37554562,2025-03-06 02:22:21,2025-04-02 02:22:21,0,0
passport_9017.pdf,pdf,1000,2025-03-06 02:22:04,2025-03-25 02:22:04,1,0
documents_draft_85.pdf,pdf,8791028,2025-03-06 02:22:08,2025-03-16 02:22:08,0,0
confidential_document_2025.pdf,pdf,1000,2025-03-06 02:22:52,2025-03-21 02:22:52,1,0
report_july.pdf,pdf,32510054,2025-03-06 02:22:49,2025-03-06 02:22:49,0,1
documents_draft_72.pdf,pdf,1000,2025-03-06 02:21:54,2025-03-27 02:21:54,0,0
documents_may.pdf,pdf,18890289,2025-03-06 02:22:56,2025-03-16 02:22:56,0,1
friend.txt,pdf,1000,2025-03-06 02:21:56,2025-03-11 02:21:56,0,0
aadhaar_1445.pdf,pdf,1000,2025-03-06 02:21:33,2025-03-28 02:21:33,1,0
report_draft_34.pdf,pdf,1000,2025-03-06 02:22:39,2025-03-20 02:22:39,0,0
memo_march.pdf,pdf,21165726,2025-03-06 02:22:14,2025-03-30 02:22:14,0,1
confidential_document_2025.pdf,pdf,1669651,2025-03-06 02:22:23,2025-03-09 02:22:23,1,1
resume_document_2025.pdf,pdf,1000,2025-03-06 02:22:38,2025-03-29 02:22:38,1,0
confidential_4652.pdf,pdf,1000,2025-03-06 02:21:25,2025-04-01 02:21:25,1,0
notes_draft_21.pdf,pdf,1000,2025-03-06 02:22:18,2025-03-28 02:22:18,0,1
aadhaar_card_wells.pdf,pdf,1000,2025-03-06 02:21:20,2025-03-11 02:21:20,1,0
memo_draft_55.pdf,pdf,1000,2025-03-06 02:22:34,2025-04-04 02:22:34,0,0
memo_draft_75.pdf,pdf,1000,2025-03-06 02:22:47,2025-03-06 02:22:47,0,0
documents_draft_92.pdf,pdf,1000,2025-03-06 02:21:58,2025-03-18 02:21:58,0,0
fire.odp,pdf,76091131,2025-03-06 02:22:21,2025-03-17 02:22:21,0,1
documents_draft_45.pdf,pdf,1000,2025-03-06 02:21:55,2025-04-01 02:21:55,0,0
notes_march.pdf,pdf,1000,2025-03-06 02:22:28,2025-04-02 02:22:28,0,1
he.css,pdf,1000,2025-03-06 02:22:02,2025-03-31 02:22:02,0,1
team.jpg,pdf,1000,2025-03-06 02:22:51,2025-03-13 02:22:51,0,0
scan_aadhaar.pdf,pdf,1000,2025-03-06 02:22:11,2025-03-27 02:22:11,1,1
notes_draft_6.pdf,pdf,111950003,2025-03-06 02:22:50,2025-03-23 02:22:50,0,1
my.tiff,pdf,1000,2025-03-06 02:22:38,2025-03-15 02:22:38,0,0
memo_draft_31.pdf,pdf,45204767,2025-03-06 02:22:21,2025-03-15 02:22:21,0,1
confidential_card_rogers.pdf,pdf,1053070,2025-03-06 02:21:21,2025-03-22 02:21:21,1,1
passport_card_cox.pdf,pdf,1000,2025-03-06 02:22:31,2025-03-13 02:22:31,1,0
aadhaar_card_brown.pdf,pdf,6551951,2025-03-06 02:21:39,2025-03-22 02:21:39,1,0
pan_card_sims.pdf,pdf,1822449,2025-03-06 02:21:37,2025-03-18 02:21:37,1,0
door.mp3,pdf,85707596,2025-03-06 02:22:21,2025-03-27 02:22:21,0,0
aadhaar_5018.pdf,pdf,1000,2025-03-06 02:22:56,2025-03-18 02:22:56,1,1
report_july.pdf,pdf,1000,2025-03-06 02:22:11,2025-03-25 02:22:11,0,0
scan_resume.pdf,pdf,1000,2025-03-06 02:22:52,2025-03-27 02:22:52,1,0
report_march.pdf,pdf,1000,2025-03-06 02:22:21,2025-03-22 02:22:21,0,1
once.doc,pdf,52421235,2025-03-06 02:22:41,2025-03-14 02:22:41,0,1
confidential_card_herman.pdf,pdf,5024259,2025-03-06 02:21:50,2025-04-02 02:21:50,1,0
resume_3152.pdf,pdf,1000,2025-03-06 02:22:51,2025-04-05 02:22:51,1,1
wind.webm,pdf,1000,2025-03-06 02:22:45,2025-04-02 02:22:45,0,0
notes_june.pdf,pdf,1000,2025-03-06 02:22:59,2025-04-03 02:22:59,0,0
report_january.pdf,pdf,38342177,2025-03-06 02:22:00,2025-03-24 02:22:00,0,1
notes_october.pdf,pdf,1000,2025-03-06 02:21:56,2025-03-24 02:21:56,0,0
documents_november.pdf,pdf,13025999,2025-03-06 02:22:26,2025-03-09 02:22:26,0,0
scan_aadhaar.pdf,pdf,1000,2025-03-06 02:21:39,2025-03-06 02:21:39,1,1
check.mov,pdf,1000,2025-03-06 02:22:29,2025-03-25 02:22:29,0,0
travel.txt,pdf,1000,2025-03-06 02:21:56,2025-04-04 02:21:56,0,0
resume_document_2025.pdf,pdf,1195813,2025-03-06 02:22:23,2025-03-31 02:22:23,1,1
documents_august.pdf,pdf,54073864,2025-03-06 02:22:00,2025-03-15 02:22:00,0,0
build.doc,pdf,109516860,2025-03-06 02:22:18,2025-03-13 02:22:18,0,1
memo_april.pdf,pdf,44410855,2025-03-06 02:22:42,2025-04-04 02:22:42,0,0
memo_january.pdf,pdf,1000,2025-03-06 02:22:19,2025-03-25 02:22:19,0,0
mother.txt,pdf,52515924,2025-03-06 02:22:09,2025-03-25 02:22:09,0,0
pan_document_2025.pdf,pdf,2175568,2025-03-06 02:22:38,2025-03-29 02:22:38,1,1
pan_document_2025.pdf,pdf,478375,2025-03-06 02:21:17,2025-04-01 02:21:17,1,0
scan_pan.pdf,pdf,8032017,2025-03-06 02:22:37,2025-03-11 02:22:37,1,1
scan_voter.pdf,pdf,2029740,2025-03-06 02:22:44,2025-04-01 02:22:44,1,0
report_april.pdf,pdf,37741593,2025-03-06 02:22:22,2025-03-23 02:22:22,0,0
significant.html,pdf,1000,2025-03-06 02:22:42,2025-03-25 02:22:42,0,1
notes_june.pdf,pdf,1000,2025-03-06 02:22:07,2025-03-27 02:22:07,0,0
notes_october.pdf,pdf,1927679,2025-03-06 02:22:02,2025-03-19 02:22:02,0,0
memo_april.pdf,pdf,18858235,2025-03-06 02:22:57,2025-03-08 02:22:57,0,1
report_draft_30.pdf,pdf,6066689,2025-03-06 02:21:53,2025-04-03 02:21:53,0,0
memo_draft_9.pdf,pdf,17507762,2025-03-06 02:22:42,2025-03-16 02:22:42,0,0
aadhaar_card_vaughn.pdf,pdf,1000,2025-03-06 02:21:53,2025-03-13 02:21:53,1,0
memo_draft_54.pdf,pdf,48942178,2025-03-06 02:22:59,2025-03-09 02:22:59,0,0
pan_2687.pdf,pdf,1000,2025-03-06 02:22:15,2025-04-05 02:22:15,1,0
voter_card_collins.pdf,pdf,9646943,2025-03-06 02:21:50,2025-03-26 02:21:50,1,0
individual.flac,pdf,58074656,2025-03-06 02:22:08,2025-03-11 02:22:08,0,0
president.wav,pdf,60068667,2025-03-06 02:22:54,2025-03-29 02:22:54,0,1
scan_voter.pdf,pdf,1000,2025-03-06 02:22:39,2025-03-15 02:22:39,1,0
property.flac,pdf,1000,2025-03-06 02:22:19,2025-03-25 02:22:19,0,0
notes_march.pdf,pdf,1000,2025-03-06 02:22:59,2025-03-09 02:22:59,0,0
memo_december.pdf,pdf,1000,2025-03-06 02:22:24,2025-03-31 02:22:24,0,0
report_february.pdf,pdf,1000,2025-03-06 02:22:39,2025-03-07 02:22:39,0,1
passport_3108.pdf,pdf,3951316,2025-03-06 02:22:16,2025-03-24 02:22:16,1,0
scan_passport.pdf,pdf,1715550,2025-03-06 02:21:38,2025-03-30 02:21:38,1,0
find.mp3,pdf,1000,2025-03-06 02:22:03,2025-03-24 02:22:03,0,0
scan_resume.pdf,pdf,2725494,2025-03-06 02:22:37,2025-03-21 02:22:37,1,1
documents_january.pdf,pdf,1000,2025-03-06 02:22:51,2025-03-11 02:22:51,0,1
report_draft_55.pdf,pdf,1000,2025-03-06 02:22:33,2025-03-07 02:22:33,0,0
memo_draft_84.pdf,pdf,35634381,2025-03-06 02:23:00,2025-04-01 02:23:00,0,0
attention.flac,pdf,6462243,2025-03-06 02:22:04,2025-04-01 02:22:04,0,1
lay.wav,pdf,1000,2025-03-06 02:22:45,2025-03-23 02:22:45,0,0
imagine.avi,pdf,1000,2025-03-06 02:22:24,2025-04-04 02:22:24,0,0
aadhaar_card_johnson.pdf,pdf,5607597,2025-03-06 02:22:06,2025-03-07 02:22:06,1,1
scan_resume.pdf,pdf,1626476,2025-03-06 02:21:48,2025-04-01 02:21:48,1,0
passport_card_merritt.pdf,pdf,2396809,2025-03-06 02:21:29,2025-03-21 02:21:29,1,0
voter_document_2025.pdf,pdf,3842871,2025-03-06 02:21:48,2025-03-17 02:21:48,1,0
report_draft_91.pdf,pdf,72748897,2025-03-06 02:22:15,2025-03-30 02:22:15,0,1
passport_1352.pdf,pdf,222203,2025-03-06 02:22:59,2025-03-14 02:22:59,1,0
memo_december.pdf,pdf,62809169,2025-03-06 02:22:41,2025-03-11 02:22:41,0,0
edge.mov,pdf,1000,2025-03-06 02:22:25,2025-03-09 02:22:25,0,1
notes_august.pdf,pdf,56000925,2025-03-06 02:22:34,2025-03-24 02:22:34,0,0
scan_confidential.pdf,pdf,1000,2025-03-06 02:22:23,2025-03-14 02:22:23,1,0
passport_2819.pdf,pdf,2711886,2025-03-06 02:22:33,2025-03-26 02:22:33,1,0
notes_february.pdf,pdf,1000,2025-03-06 02:22:36,2025-03-23 02:22:36,0,0
memo_september.pdf,pdf,9052264,2025-03-06 02:22:29,2025-04-03 02:22:29,0,1
report_draft_7.pdf,pdf,46794769,2025-03-06 02:22:51,2025-03-31 02:22:51,0,0
memo_draft_86.pdf,pdf,72549572,2025-03-06 02:22:30,2025-03-30 02:22:30,0,0
notes_may.pdf,pdf,97452372,2025-03-06 02:22:55,2025-03-14 02:22:55,0,0
resume_card_moore.pdf,pdf,1974745,2025-03-06 02:21:16,2025-03-10 02:21:16,1,0
resume_1968.pdf,pdf,6382562,2025-03-06 02:23:00,2025-03-13 02:23:00,1,1
notes_may.pdf,pdf,1000,2025-03-06 02:22:04,2025-04-01 02:22:04,0,0
report_december.pdf,pdf,1000,2025-03-06 02:22:48,2025-03-30 02:22:48,0,1
woman.bmp,pdf,1000,2025-03-06 02:22:35,2025-03-09 02:22:35,0,1
memo_draft_46.pdf,pdf,59514210,2025-03-06 02:22:43,2025-03-31 02:22:43,0,0
passport_document_2025.pdf,pdf,3828124,2025-03-06 02:22:41,2025-03-15 02:22:41,1,0
report_may.pdf,pdf,1000,2025-03-06 02:21:59,2025-03-31 02:21:59,0,0
bad.css,pdf,1000,2025-03-06 02:22:53,2025-04-05 02:22:53,0,0
resume_8939.pdf,pdf,2063320,2025-03-06 02:21:37,2025-03-31 02:21:37,1,1
passport_9618.pdf,pdf,5930871,2025-03-06 02:21:13,2025-04-02 02:21:13,1,0
religious.avi,pdf,1000,2025-03-06 02:22:57,2025-03-20 02:22:57,0,0
finish.json,pdf,38282300,2025-03-06 02:22:47,2025-03-17 02:22:47,0,1
resume_card_tyler.pdf,pdf,4352506,2025-03-06 02:22:07,2025-03-27 02:22:07,1,1
pan_card_taylor.pdf,pdf,1000,2025-03-06 02:21:25,2025-03-19 02:21:25,1,1
aadhaar_2624.pdf,pdf,7267752,2025-03-06 02:22:24,2025-03-11 02:22:24,1,0
aadhaar_8842.pdf,pdf,552353,2025-03-06 02:21:46,2025-03-30 02:21:46,1,1
election.odt,pdf,1000,2025-03-06 02:22:52,2025-04-04 02:22:52,0,0
ready.mov,pdf,27769912,2025-03-06 02:22:46,2025-04-02 02:22:46,0,1
memo_march.pdf,pdf,12757961,2025-03-06 02:22:52,2025-03-21 02:22:52,0,0
notes_november.pdf,pdf,63233596,2025-03-06 02:22:44,2025-03-07 02:22:44,0,0
confidential_document_2025.pdf,pdf,4628813,2025-03-06 02:21:32,2025-03-06 02:21:32,1,0
pan_document_2025.pdf,pdf,1000,2025-03-06 02:22:35,2025-03-21 02:22:35,1,1
notes_draft_25.pdf,pdf,1000,2025-03-06 02:22:42,2025-04-03 02:22:42,0,0
everything.xlsx,pdf,66213849,2025-03-06 02:22:30,2025-04-02 02:22:30,0,0
aadhaar_card_thomas.pdf,pdf,4079675,2025-03-06 02:21:29,2025-03-09 02:21:29,1,1
report_draft_45.pdf,pdf,57063284,2025-03-06 02:22:08,2025-03-24 02:22:08,0,0
documents_draft_74.pdf,pdf,37577847,2025-03-06 02:22:35,2025-03-16 02:22:35,0,0
pan_card_howard.pdf,pdf,1000,2025-03-06 02:21:12,2025-03-08 02:21:12,1,0
documents_draft_46.pdf,pdf,69351486,2025-03-06 02:22:02,2025-03-26 02:22:02,0,0
hit.xls,pdf,30175459,2025-03-06 02:22:21,2025-03-30 02:22:21,0,0
voter_card_powers.pdf,pdf,4522677,2025-03-06 02:22:03,2025-04-05 02:22:03,1,0
documents_september.pdf,pdf,1000,2025-03-06 02:22:43,2025-03-07 02:22:43,0,0
notes_april.pdf,pdf,51060129,2025-03-06 02:22:07,2025-03-26 02:22:07,0,1
physical.mp3,pdf,1000,2025-03-06 02:22:34,2025-03-07 02:22:34,0,0
notes_draft_14.pdf,pdf,1000,2025-03-06 02:22:39,2025-03-19 02:22:39,0,0
documents_draft_1.pdf,pdf,10371850,2025-03-06 02:22:28,2025-03-23 02:22:28,0,0
scan_passport.pdf,pdf,2133799,2025-03-06 02:22:57,2025-03-17 02:22:57,1,0
scan_resume.pdf,pdf,4843348,2025-03-06 02:21:30,2025-03-17 02:21:30,1,1
aadhaar_document_2025.pdf,pdf,5850200,2025-03-06 02:21:24,2025-03-19 02:21:24,1,0
whole.avi,pdf,27981418,2025-03-06 02:21:55,2025-03-27 02:21:55,0,1
documents_draft_37.pdf,pdf,1000,2025-03-06 02:22:00,2025-04-01 02:22:00,0,0
memo_draft_88.pdf,pdf,1000,2025-03-06 02:22:39,2025-03-19 02:22:39,0,1
report_draft_82.pdf,pdf,144888837,2025-03-06 02:22:12,2025-03-29 02:22:12,0,0
aadhaar_card_davis.pdf,pdf,8253954,2025-03-06 02:22:42,2025-03-14 02:22:42,1,1
documents_draft_59.pdf,pdf,124392256,2025-03-06 02:23:01,2025-03-07 02:23:01,0,1
scan_voter.pdf,pdf,7171070,2025-03-06 02:21:31,2025-04-02 02:21:31,1,0
scan_aadhaar.pdf,pdf,1512095,2025-03-06 02:21:42,2025-03-14 02:21:42,1,0
memo_draft_77.pdf,pdf,1000,2025-03-06 02:22:46,2025-04-05 02:22:46,0,0
documents_draft_48.pdf,pdf,13323214,2025-03-06 02:22:35,2025-03-08 02:22:35,0,0
voter_4743.pdf,pdf,4504413,2025-03-06 02:22:18,2025-03-31 02:22:18,1,0
scan_confidential.pdf,pdf,6992263,2025-03-06 02:21:59,2025-03-15 02:21:59,1,1
voter_9643.pdf,pdf,6278944,2025-03-06 02:21:38,2025-03-16 02:21:38,1,0
memo_draft_10.pdf,pdf,1000,2025-03-06 02:22:29,2025-03-10 02:22:29,0,1
documents_draft_3.pdf,pdf,26601589,2025-03-06 02:22:07,2025-03-08 02:22:07,0,0
scan_voter.pdf,pdf,5438376,2025-03-06 02:21:14,2025-03-13 02:21:14,1,1
resume_6350.pdf,pdf,5864740,2025-03-06 02:22:30,2025-03-19 02:22:30,1,0
report_march.pdf,pdf,70105395,2025-03-06 02:21:55,2025-03-10 02:21:55,0,1
memo_draft_64.pdf,pdf,1000,2025-03-06 02:22:11,2025-03-17 02:22:11,0,1
design.mp4,pdf,1000,2025-03-06 02:22:10,2025-03-29 02:22:10,0,1
report_november.pdf,pdf,149939970,2025-03-06 02:22:56,2025-03-21 02:22:56,0,1
documents_draft_20.pdf,pdf,37036193,2025-03-06 02:22:51,2025-03-24 02:22:51,0,0
documents_october.pdf,pdf,17521344,2025-03-06 02:22:38,2025-04-03 02:22:38,0,0
notes_draft_40.pdf,pdf,2885401,2025-03-06 02:22:52,2025-03-17 02:22:52,0,0
memo_february.pdf,pdf,33902676,2025-03-06 02:22:09,2025-03-07 02:22:09,0,0
confidential_6136.pdf,pdf,1000,2025-03-06 02:22:35,2025-03-20 02:22:35,1,0
cold.flac,pdf,25740604,2025-03-06 02:22:25,2025-03-25 02:22:25,0,1
resume_card_massey.pdf,pdf,4770784,2025-03-06 02:22:26,2025-04-01 02:22:26,1,1
scan_voter.pdf,pdf,7315396,2025-03-06 02:21:21,2025-03-31 02:21:21,1,0
notes_draft_14.pdf,pdf,24475564,2025-03-06 02:22:38,2025-03-07 02:22:38,0,0
focus.css,pdf,44729501,2025-03-06 02:22:30,2025-04-04 02:22:30,0,0
notes_draft_72.pdf,pdf,1000,2025-03-06 02:22:48,2025-04-05 02:22:48,0,0
site.pptx,pdf,35891201,2025-03-06 02:22:21,2025-03-08 02:22:21,0,0
notes_september.pdf,pdf,1000,2025-03-06 02:22:57,2025-03-14 02:22:57,0,1
documents_august.pdf,pdf,61227791,2025-03-06 02:22:47,2025-03-21 02:22:47,0,0
aadhaar_document_2025.pdf,pdf,2253859,2025-03-06 02:21:52,2025-03-10 02:21:52,1,1
everyone.json,pdf,69201596,2025-03-06 02:21:53,2025-03-12 02:21:53,0,1
passport_document_2025.pdf,pdf,91363,2025-03-06 02:22:02,2025-04-04 02:22:02,1,1
resume_document_2025.pdf,pdf,6029896,2025-03-06 02:21:58,2025-04-01 02:21:58,1,1
scan_confidential.pdf,pdf,1946115,2025-03-06 02:21:14,2025-03-26 02:21:14,1,1
aadhaar_4621.pdf,pdf,519961,2025-03-06 02:21:13,2025-03-16 02:21:13,1,1
memo_july.pdf,pdf,1000,2025-03-06 02:22:08,2025-03-09 02:22:08,0,0
aadhaar_document_2025.pdf,pdf,187708,2025-03-06 02:22:54,2025-03-17 02:22:54,1,0
aadhaar_document_2025.pdf,pdf,999414,2025-03-06 02:23:01,2025-03-15 02:23:01,1,0
memo_draft_27.pdf,pdf,1000,2025-03-06 02:22:56,2025-04-01 02:22:56,0,1
ask.txt,pdf,1000,2025-03-06 02:22:31,2025-03-13 02:22:31,0,0
remember.html,pdf,38664362,2025-03-06 02:22:39,2025-03-18 02:22:39,0,0
confidential_document_2025.pdf,pdf,1000,2025-03-06 02:22:03,2025-04-04 02:22:03,1,1
scan_confidential.pdf,pdf,2239207,2025-03-06 02:21:35,2025-04-02 02:21:35,1,0
notes_draft_64.pdf,pdf,1000,2025-03-06 02:22:05,2025-03-31 02:22:05,0,0
medical.js,pdf,1000,2025-03-06 02:21:57,2025-03-28 02:21:57,0,1
confidential_document_2025.pdf,pdf,6237932,2025-03-06 02:21:49,2025-03-20 02:21:49,1,0
scan_voter.pdf,pdf,5462996,2025-03-06 02:22:50,2025-03-31 02:22:50,1,0
documents_october.pdf,pdf,20980785,2025-03-06 02:22:43,2025-03-22 02:22:43,0,1
memo_draft_13.pdf,pdf,42623900,2025-03-06 02:22:56,2025-04-04 02:22:56,0,1
voter_4242.pdf,pdf,1000,2025-03-06 02:22:44,2025-03-19 02:22:44,1,1
memo_june.pdf,pdf,3451304,2025-03-06 02:22:01,2025-03-13 02:22:01,0,0
plant.bmp,pdf,1000,2025-03-06 02:21:59,2025-03-26 02:21:59,0,0
aadhaar_card_johnson.pdf,pdf,376071,2025-03-06 02:21:42,2025-03-21 02:21:42,1,0
million.pptx,pdf,1000,2025-03-06 02:22:31,2025-03-20 02:22:31,0,0
step.js,pdf,7301126,2025-03-06 02:22:31,2025-04-03 02:22:31,0,1
passport_4724.pdf,pdf,4878878,2025-03-06 02:23:00,2025-03-18 02:23:00,1,0
design.mp4,pdf,1000,2025-03-06 02:22:06,2025-03-27 02:22:06,0,0
memo_december.pdf,pdf,37107130,2025-03-06 02:22:10,2025-03-21 02:22:10,0,1
notes_july.pdf,pdf,17506991,2025-03-06 02:22:20,2025-03-27 02:22:20,0,0
pan_card_rodriguez.pdf,pdf,7417158,2025-03-06 02:21:59,2025-03-21 02:21:59,1,1
notes_december.pdf,pdf,11944263,2025-03-06 02:22:50,2025-04-01 02:22:50,0,1
documents_april.pdf,pdf,1000,2025-03-06 02:22:36,2025-03-07 02:22:36,0,1
memo_draft_15.pdf,pdf,1000,2025-03-06 02:22:04,2025-03-25 02:22:04,0,0
report_draft_46.pdf,pdf,23738129,2025-03-06 02:22:23,2025-03-15 02:22:23,0,1
notes_november.pdf,pdf,127976852,2025-03-06 02:22:02,2025-03-20 02:22:02,0,1
confidential_9598.pdf,pdf,1000,2025-03-06 02:22:03,2025-03-07 02:22:03,1,1
stage.ppt,pdf,63957154,2025-03-06 02:22:17,2025-03-10 02:22:17,0,0
documents_april.pdf,pdf,109679934,2025-03-06 02:22:56,2025-03-17 02:22:56,0,0
voter_document_2025.pdf,pdf,1000,2025-03-06 02:21:26,2025-03-21 02:21:26,1,1
memo_september.pdf,pdf,1000,2025-03-06 02:22:49,2025-04-03 02:22:49,0,1
scan_resume.pdf,pdf,4850073,2025-03-06 02:22:01,2025-03-15 02:22:01,1,0
report_draft_15.pdf,pdf,56154029,2025-03-06 02:22:57,2025-04-05 02:22:57,0,1
scan_resume.pdf,pdf,680679,2025-03-06 02:22:04,2025-03-09 02:22:04,1,1
memo_october.pdf,pdf,27235875,2025-03-06 02:22:48,2025-03-06 02:22:48,0,0
voter_document_2025.pdf,pdf,1000,2025-03-06 02:22:59,2025-03-08 02:22:59,1,0
passport_card_gonzalez.pdf,pdf,1000,2025-03-06 02:22:32,2025-03-20 02:22:32,1,0
if.tiff,pdf,1000,2025-03-06 02:22:45,2025-03-17 02:22:45,0,1
possible.bmp,pdf,1071185,2025-03-06 02:22:17,2025-03-08 02:22:17,0,0
confidential_card_hill.pdf,pdf,2375785,2025-03-06 02:22:54,2025-03-31 02:22:54,1,0
resume_card_garcia.pdf,pdf,2762313,2025-03-06 02:22:42,2025-04-04 02:22:42,1,0
resume_card_proctor.pdf,pdf,511681,2025-03-06 02:21:10,2025-03-13 02:21:10,1,1
report_draft_10.pdf,pdf,33875999,2025-03-06 02:22:51,2025-03-18 02:22:51,0,0
passport_card_ramirez.pdf,pdf,5596990,2025-03-06 02:22:17,2025-04-01 02:22:17,1,0
aadhaar_document_2025.pdf,pdf,4287884,2025-03-06 02:22:07,2025-03-15 02:22:07,1,0
pan_5901.pdf,pdf,1000,2025-03-06 02:22:11,2025-03-27 02:22:11,1,1
report_draft_92.pdf,pdf,1000,2025-03-06 02:22:54,2025-03-17 02:22:54,0,0
resume_card_cervantes.pdf,pdf,4452590,2025-03-06 02:21:49,2025-04-03 02:21:49,1,0
notes_october.pdf,pdf,1000,2025-03-06 02:22:57,2025-04-03 02:22:57,0,0
confidential_document_2025.pdf,pdf,5560999,2025-03-06 02:21:11,2025-03-16 02:21:11,1,0
attention.pdf,pdf,1000,2025-03-06 02:22:59,2025-04-04 02:22:59,0,0
memo_october.pdf,pdf,7224293,2025-03-06 02:22:38,2025-03-28 02:22:38,0,0
perhaps.js,pdf,112280515,2025-03-06 02:23:01,2025-03-20 02:23:01,0,0
memo_june.pdf,pdf,1000,2025-03-06 02:22:28,2025-03-13 02:22:28,0,0
land.jpeg,pdf,1000,2025-03-06 02:21:55,2025-03-13 02:21:55,0,0
air.wav,pdf,1000,2025-03-06 02:22:12,2025-03-10 02:22:12,0,1
aadhaar_document_2025.pdf,pdf,1000,2025-03-06 02:22:18,2025-03-08 02:22:18,1,1
memo_september.pdf,pdf,1000,2025-03-06 02:21:53,2025-03-25 02:21:53,0,1
resume_card_bishop.pdf,pdf,6629224,2025-03-06 02:22:11,2025-03-15 02:22:11,1,0
voter_7073.pdf,pdf,2524849,2025-03-06 02:21:40,2025-03-14 02:21:40,1,1
notes_august.pdf,pdf,27187542,2025-03-06 02:21:55,2025-04-01 02:21:55,0,0
passport_card_porter.pdf,pdf,9498182,2025-03-06 02:21:43,2025-03-20 02:21:43,1,1
notes_january.pdf,pdf,1000,2025-03-06 02:21:52,2025-03-09 02:21:52,0,0
report_may.pdf,pdf,88903782,2025-03-06 02:22:47,2025-03-22 02:22:47,0,1
documents_draft_31.pdf,pdf,1000,2025-03-06 02:22:11,2025-03-14 02:22:11,0,0
passport_card_gray.pdf,pdf,10387740,2025-03-06 02:21:30,2025-04-01 02:21:30,1,0
scan_resume.pdf,pdf,1972582,2025-03-06 02:22:09,2025-04-05 02:22:09,1,0
aadhaar_6686.pdf,pdf,2352618,2025-03-06 02:22:30,2025-03-17 02:22:30,1,1
notes_august.pdf,pdf,1000,2025-03-06 02:22:32,2025-03-09 02:22:32,0,0
than.tiff,pdf,1000,2025-03-06 02:22:59,2025-03-22 02:22:59,0,0
confidential_card_harper.pdf,pdf,1000,2025-03-06 02:21:12,2025-03-22 02:21:12,1,0
documents_draft_18.pdf,pdf,32215933,2025-03-06 02:22:59,2025-03-18 02:22:59,0,0
along.mp3,pdf,1000,2025-03-06 02:22:07,2025-03-26 02:22:07,0,0
analysis.jpeg,pdf,1000,2025-03-06 02:22:12,2025-03-06 02:22:12,0,1
resume_7020.pdf,pdf,3332604,2025-03-06 02:21:32,2025-03-22 02:21:32,1,0
pan_card_nelson.pdf,pdf,1000,2025-03-06 02:21:54,2025-03-29 02:21:54,1,0
memo_draft_19.pdf,pdf,48080054,2025-03-06 02:22:57,2025-03-30 02:22:57,0,0
memo_january.pdf,pdf,6022430,2025-03-06 02:22:07,2025-03-26 02:22:07,0,0
confidential_card_montoya.pdf,pdf,1953800,2025-03-06 02:22:48,2025-04-05 02:22:48,1,0
scan_resume.pdf,pdf,1000,2025-03-06 02:22:54,2025-03-16 02:22:54,1,1
pan_document_2025.pdf,pdf,1000,2025-03-06 02:22:35,2025-03-08 02:22:35,1,0
documents_january.pdf,pdf,20686493,2025-03-06 02:22:23,2025-03-31 02:22:23,0,1
sing.tiff,pdf,71650962,2025-03-06 02:23:01,2025-03-19 02:23:01,0,0
notes_draft_33.pdf,pdf,1000,2025-03-06 02:22:09,2025-03-29 02:22:09,0,1
scan_resume.pdf,pdf,1000,2025-03-06 02:21:29,2025-03-14 02:21:29,1,0
five.bmp,pdf,1000,2025-03-06 02:22:01,2025-04-05 02:22:01,0,0
confidential_document_2025.pdf,pdf,2346232,2025-03-06 02:21:31,2025-03-30 02:21:31,1,1
pan_document_2025.pdf,pdf,4627694,2025-03-06 02:22:23,2025-03-25 02:22:23,1,0
aadhaar_4120.pdf,pdf,1000,2025-03-06 02:21:20,2025-03-06 02:21:20,1,0
confidential_document_2025.pdf,pdf,2987469,2025-03-06 02:22:13,2025-03-08 02:22:13,1,0
notes_may.pdf,pdf,1000,2025-03-06 02:22:38,2025-03-29 02:22:38,0,0
hand.html,pdf,1000,2025-03-06 02:22:24,2025-03-29 02:22:24,0,0
notes_september.pdf,pdf,83953112,2025-03-06 02:22:56,2025-03-11 02:22:56,0,0
confidential_document_2025.pdf,pdf,1139039,2025-03-06 02:22:45,2025-03-31 02:22:45,1,0
statement.avi,pdf,9375962,2025-03-06 02:22:01,2025-03-22 02:22:01,0,0
notes_draft_86.pdf,pdf,6752147,2025-03-06 02:22:04,2025-03-13 02:22:04,0,1
report_draft_37.pdf,pdf,1000,2025-03-06 02:22:30,2025-03-11 02:22:30,0,1
resume_5884.pdf,pdf,7765910,2025-03-06 02:22:44,2025-03-21 02:22:44,1,0
memo_may.pdf,pdf,20413718,2025-03-06 02:22:36,2025-03-06 02:22:36,0,0
notes_draft_46.pdf,pdf,1000,2025-03-06 02:22:35,2025-03-22 02:22:35,0,1
report_draft_4.pdf,pdf,1000,2025-03-06 02:22:44,2025-04-01 02:22:44,0,0
notes_february.pdf,pdf,2074341,2025-03-06 02:22:18,2025-03-15 02:22:18,0,1
voter_card_hernandez.pdf,pdf,4159363,2025-03-06 02:21:58,2025-04-05 02:21:58,1,1
start.pages,pdf,123182072,2025-03-06 02:22:43,2025-03-13 02:22:43,0,0
passport_898.pdf,pdf,1839732,2025-03-06 02:21:12,2025-03-10 02:21:12,1,1
resume_card_rogers.pdf,pdf,1000,2025-03-06 02:22:43,2025-04-03 02:22:43,1,0
resume_8619.pdf,pdf,11507444,2025-03-06 02:22:12,2025-03-31 02:22:12,1,0
notes_draft_84.pdf,pdf,58653700,2025-03-06 02:21:54,2025-04-03 02:21:54,0,0
documents_draft_15.pdf,pdf,50585949,2025-03-06 02:22:50,2025-03-07 02:22:50,0,1
section.pages,pdf,1000,2025-03-06 02:22:19,2025-03-10 02:22:19,0,1
notes_draft_49.pdf,pdf,73710112,2025-03-06 02:22:06,2025-03-17 02:22:06,0,0
notes_draft_85.pdf,pdf,1000,2025-03-06 02:22:28,2025-03-16 02:22:28,0,0
scan_confidential.pdf,pdf,2645314,2025-03-06 02:21:42,2025-04-03 02:21:42,1,0
scan_confidential.pdf,pdf,2632493,2025-03-06 02:22:17,2025-03-23 02:22:17,1,0
shoulder.mov,pdf,1000,2025-03-06 02:22:24,2025-03-06 02:22:24,0,1
report_draft_82.pdf,pdf,34999508,2025-03-06 02:22:17,2025-03-31 02:22:17,0,0
ground.mp4,pdf,64901356,2025-03-06 02:22:39,2025-03-12 02:22:39,0,1
pan_9175.pdf,pdf,1000,2025-03-06 02:22:06,2025-04-03 02:22:06,1,0
food.webm,pdf,13453247,2025-03-06 02:21:58,2025-03-22 02:21:58,0,1
resume_card_marshall.pdf,pdf,1000,2025-03-06 02:22:42,2025-03-20 02:22:42,1,1
documents_september.pdf,pdf,2121112,2025-03-06 02:22:06,2025-03-20 02:22:06,0,1
aadhaar_document_2025.pdf,pdf,1000,2025-03-06 02:21:58,2025-04-02 02:21:58,1,1
memo_april.pdf,pdf,1000,2025-03-06 02:22:53,2025-03-29 02:22:53,0,1
notes_september.pdf,pdf,69175397,2025-03-06 02:22:59,2025-03-17 02:22:59,0,0
resume_1636.pdf,pdf,1000,2025-03-06 02:22:42,2025-03-13 02:22:42,1,1
documents_february.pdf,pdf,63673997,2025-03-06 02:22:26,2025-03-22 02:22:26,0,0
scan_confidential.pdf,pdf,6904889,2025-03-06 02:22:14,2025-03-17 02:22:14,1,1
notes_draft_92.pdf,pdf,45709830,2025-03-06 02:22:27,2025-04-01 02:22:27,0,0
we.docx,pdf,43948836,2025-03-06 02:22:01,2025-03-26 02:22:01,0,0
memo_december.pdf,pdf,1000,2025-03-06 02:22:02,2025-03-29 02:22:02,0,1
father.xlsx,pdf,1000,2025-03-06 02:22:05,2025-03-30 02:22:05,0,0
resource.gif,pdf,177493700,2025-03-06 02:22:43,2025-03-08 02:22:43,0,0
documents_october.pdf,pdf,1000,2025-03-06 02:22:16,2025-03-06 02:22:16,0,1
confidential_document_2025.pdf,pdf,6169522,2025-03-06 02:22:29,2025-03-18 02:22:29,1,0
documents_october.pdf,pdf,1000,2025-03-06 02:22:42,2025-03-19 02:22:42,0,0
notes_march.pdf,pdf,1000,2025-03-06 02:23:00,2025-04-02 02:23:00,0,0
confidential_878.pdf,pdf,6970984,2025-03-06 02:21:36,2025-03-06 02:21:36,1,0
documents_february.pdf,pdf,37508016,2025-03-06 02:22:02,2025-03-25 02:22:02,0,0
voter_document_2025.pdf,pdf,1022401,2025-03-06 02:22:47,2025-03-18 02:22:47,1,1
resume_7147.pdf,pdf,1000,2025-03-06 02:21:25,2025-03-19 02:21:25,1,0
resume_card_johnson.pdf,pdf,6667456,2025-03-06 02:21:45,2025-03-12 02:21:45,1,0
look.webm,pdf,1000,2025-03-06 02:22:02,2025-03-15 02:22:02,0,0
passport_document_2025.pdf,pdf,940831,2025-03-06 02:21:57,2025-03-16 02:21:57,1,0
aadhaar_8172.pdf,pdf,2849043,2025-03-06 02:21:12,2025-03-17 02:21:12,1,1
memo_draft_68.pdf,pdf,1000,2025-03-06 02:22:14,2025-03-13 02:22:14,0,1
aadhaar_card_garcia.pdf,pdf,4030401,2025-03-06 02:22:32,2025-03-24 02:22:32,1,0
break.js,pdf,1000,2025-03-06 02:22:01,2025-03-25 02:22:01,0,0
confidential_card_scott.pdf,pdf,33139,2025-03-06 02:22:08,2025-03-10 02:22:08,1,1
notes_november.pdf,pdf,1000,2025-03-06 02:22:35,2025-03-28 02:22:35,0,0
gas.xlsx,pdf,1000,2025-03-06 02:22:29,2025-03-18 02:22:29,0,0
documents_draft_28.pdf,pdf,52323203,2025-03-06 02:22:30,2025-03-14 02:22:30,0,0
documents_april.pdf,pdf,35953520,2025-03-06 02:21:58,2025-03-22 02:21:58,0,1
check.gif,pdf,62209946,2025-03-06 02:22:46,2025-03-24 02:22:46,0,1
voter_document_2025.pdf,pdf,2288668,2025-03-06 02:22:21,2025-03-11 02:22:21,1,0
growth.js,pdf,1000,2025-03-06 02:22:45,2025-03-13 02:22:45,0,1
resume_document_2025.pdf,pdf,9556342,2025-03-06 02:21:49,2025-03-19 02:21:49,1,0
all.flac,pdf,1000,2025-03-06 02:23:00,2025-03-26 02:23:00,0,0
passport_7923.pdf,pdf,5276895,2025-03-06 02:22:34,2025-03-15 02:22:34,1,1
voter_3539.pdf,pdf,1000,2025-03-06 02:22:16,2025-03-24 02:22:16,1,0
remain.odp,pdf,1000,2025-03-06 02:22:13,2025-04-05 02:22:13,0,0
memo_july.pdf,pdf,1000,2025-03-06 02:22:46,2025-03-27 02:22:46,0,1
report_october.pdf,pdf,1000,2025-03-06 02:22:06,2025-03-22 02:22:06,0,1
documents_may.pdf,pdf,31106780,2025-03-06 02:22:36,2025-03-18 02:22:36,0,0
resume_document_2025.pdf,pdf,3803548,2025-03-06 02:22:25,2025-03-31 02:22:25,1,1
decade.mp4,pdf,1000,2025-03-06 02:22:20,2025-03-29 02:22:20,0,1
reveal.mov,pdf,30603470,2025-03-06 02:22:47,2025-03-17 02:22:47,0,1
memo_draft_98.pdf,pdf,2109083,2025-03-06 02:22:15,2025-03-11 02:22:15,0,1
pan_card_holmes.pdf,pdf,2411263,2025-03-06 02:21:56,2025-03-20 02:21:56,1,1
scan_aadhaar.pdf,pdf,1000,2025-03-06 02:22:40,2025-03-23 02:22:40,1,0
report_july.pdf,pdf,1000,2025-03-06 02:22:14,2025-04-01 02:22:14,0,0
documents_draft_90.pdf,pdf,1000,2025-03-06 02:22:14,2025-03-22 02:22:14,0,0
scan_passport.pdf,pdf,310701,2025-03-06 02:21:39,2025-03-06 02:21:39,1,0
documents_february.pdf,pdf,128885402,2025-03-06 02:22:45,2025-03-12 02:22:45,0,0
front.gif,pdf,5538987,2025-03-06 02:22:19,2025-03-15 02:22:19,0,0
confidential_2337.pdf,pdf,6756857,2025-03-06 02:22:33,2025-03-10 02:22:33,1,0
